Observation,Year,Sequence,Terminal Fate
SMALL,Y1,0000,SMALL
SMALL,Y1,0000,FLORAL
SMALL,Y1,0000,FLORAL
SMALL,Y1,0000,SMALL
SMALL,Y1,0000,MEDIUM
SMALL,Y1,0000,FLORAL
SMALL,Y1,0000,FLORAL
SMALL,Y1,0000,LARGE
SMALL,Y1,0000,FLORAL
SMALL,Y1,0000,SMALL
SMALL,Y1,0000,FLORAL
SMALL,Y1,0000,LARGE
SMALL,Y1,0000,SMALL
SMALL,Y1,0000,FLORAL
SMALL,Y1,0000,MEDIUM
SMALL,Y1,0000,SMALL
SMALL,Y1,0000,SMALL
SMALL,Y1,0000,SMALL
SMALL,Y1,0000,FLORAL
SMALL,Y1,0000,FLORAL
SMALL,Y1,0000,FLORAL
SMALL,Y1,0000,FLORAL
SMALL,Y1,0000,FLORAL
SMALL,Y1,0000,FLORAL
SMALL,Y1,0000,LARGE
SMALL,Y1,0000,FLORAL
SMALL,Y1,0000,FLORAL
SMALL,Y1,0000,FLORAL
SMALL,Y1,0000,FLORAL
SMALL,Y1,0000,FLORAL
SMALL,Y1,0000,SMALL
SMALL,Y1,0000,SMALL
SMALL,Y1,0000,SMALL
SMALL,Y1,0000,FLORAL
SMALL,Y1,0000,LARGE
SMALL,Y1,0000,FLORAL
SMALL,Y1,0000,LARGE
SMALL,Y1,0000,FLORAL
SMALL,Y1,0000,FLORAL
SMALL,Y1,0000,FLORAL
SMALL,Y1,0000,MEDIUM
SMALL,Y1,0000,FLORAL
SMALL,Y1,0000,SMALL
SMALL,Y1,0000,SMALL
SMALL,Y1,0000,SMALL
SMALL,Y1,0000,FLORAL
SMALL,Y1,0000,FLORAL
SMALL,Y1,0000,LARGE
SMALL,Y1,0000,FLORAL
SMALL,Y1,0000,FLORAL
SMALL,Y1,0000,FLORAL
SMALL,Y1,0000,FLORAL
SMALL,Y1,0000,FLORAL
SMALL,Y1,0000,SMALL
SMALL,Y1,0000,SMALL
SMALL,Y1,0000,FLORAL
SMALL,Y1,0000,FLORAL
SMALL,Y1,0000,LARGE
SMALL,Y1,0000,LARGE
SMALL,Y1,0000,SMALL
SMALL,Y1,0000,FLORAL
SMALL,Y1,0000,FLORAL
SMALL,Y1,0000,FLORAL
SMALL,Y1,0000,SMALL
SMALL,Y1,0000,LARGE
SMALL,Y1,0000,SMALL
SMALL,Y1,0000,FLORAL
SMALL,Y1,0000,SMALL
SMALL,Y1,0000,FLORAL
SMALL,Y1,0000,SMALL
SMALL,Y1,0000,FLORAL
SMALL,Y1,0000,FLORAL
SMALL,Y1,0000,LARGE
SMALL,Y1,0000,SMALL
SMALL,Y1,0000,SMALL
SMALL,Y1,0000,SMALL
SMALL,Y1,0000,FLORAL
SMALL,Y1,0000,FLORAL
SMALL,Y1,0000,LARGE
SMALL,Y1,0000,SMALL
SMALL,Y1,0000,SMALL
SMALL,Y1,0000,SMALL
SMALL,Y1,0000,FLORAL
SMALL,Y1,0000,SMALL
SMALL,Y1,0000,SMALL
SMALL,Y1,0000,SMALL
SMALL,Y1,0000,FLORAL
SMALL,Y1,0000,SMALL
SMALL,Y1,0000,FLORAL
SMALL,Y1,0000,SMALL
SMALL,Y1,0000,FLORAL
SMALL,Y1,0000,SMALL
SMALL,Y1,0000,FLORAL
SMALL,Y1,0000,FLORAL
SMALL,Y1,0000,FLORAL
SMALL,Y1,0000,FLORAL
SMALL,Y1,0000,FLORAL
SMALL,Y1,0000,FLORAL
SMALL,Y1,0000,FLORAL
SMALL,Y1,0000,FLORAL
SMALL,Y2,0000,SMALL
SMALL,Y2,0000,MEDIUM
SMALL,Y2,0000,SMALL
SMALL,Y2,0000,FLORAL
SMALL,Y2,0000,FLORAL
SMALL,Y2,0000,SMALL
SMALL,Y2,0000,FLORAL
SMALL,Y2,0000,MEDIUM
SMALL,Y2,0000,FLORAL
SMALL,Y2,0000,FLORAL
SMALL,Y2,0000,SMALL
SMALL,Y2,0000,MEDIUM
SMALL,Y2,0000,FLORAL
SMALL,Y2,0000,SMALL
SMALL,Y2,0000,FLORAL
SMALL,Y2,0000,FLORAL
SMALL,Y2,0000,SMALL
SMALL,Y2,0000,LARGE
SMALL,Y2,0000,FLORAL
SMALL,Y2,0000,SMALL
SMALL,Y2,0000,SMALL
SMALL,Y2,0000,SMALL
SMALL,Y2,0000,MEDIUM
SMALL,Y2,0000,SMALL
SMALL,Y2,0000,FLORAL
SMALL,Y2,0000,FLORAL
SMALL,Y2,0000,FLORAL
SMALL,Y2,0000,FLORAL
SMALL,Y2,0000,FLORAL
SMALL,Y2,0000,MEDIUM
SMALL,Y2,0000,MEDIUM
SMALL,Y2,0000,FLORAL
SMALL,Y2,0000,FLORAL
SMALL,Y2,0000,SMALL
SMALL,Y2,0000,FLORAL
SMALL,Y2,0000,FLORAL
SMALL,Y2,0000,FLORAL
SMALL,Y2,0000,SMALL
SMALL,Y2,0000,FLORAL
SMALL,Y2,0000,SMALL
SMALL,Y2,0000,SMALL
SMALL,Y2,0000,FLORAL
SMALL,Y2,0000,SMALL
SMALL,Y2,0000,FLORAL
SMALL,Y2,0000,FLORAL
SMALL,Y2,0000,FLORAL
SMALL,Y2,0000,LARGE
SMALL,Y2,0000,SMALL
SMALL,Y2,0000,FLORAL
SMALL,Y2,0000,FLORAL
SMALL,Y2,0000,SMALL
SMALL,Y2,0000,SMALL
SMALL,Y2,0000,LARGE
SMALL,Y2,0000,SMALL
SMALL,Y2,0000,SMALL
SMALL,Y2,0000,FLORAL
SMALL,Y2,0000,MEDIUM
SMALL,Y2,0000,FLORAL
SMALL,Y2,0000,FLORAL
SMALL,Y2,0000,FLORAL
SMALL,Y2,0000,FLORAL
SMALL,Y2,0000,SMALL
SMALL,Y2,0000,SMALL
SMALL,Y2,0000,SMALL
SMALL,Y2,0000,MEDIUM
SMALL,Y2,0000,SMALL
SMALL,Y2,0000,FLORAL
SMALL,Y2,0000,FLORAL
SMALL,Y2,0000,FLORAL
SMALL,Y2,0000,LARGE
SMALL,Y2,0000,FLORAL
SMALL,Y2,0000,FLORAL
SMALL,Y2,0000,FLORAL
SMALL,Y2,0000,SMALL
SMALL,Y2,0000,MEDIUM
SMALL,Y2,0000,FLORAL
SMALL,Y2,0000,FLORAL
SMALL,Y2,0000,FLORAL
SMALL,Y2,0000,SMALL
SMALL,Y2,0000,SMALL
SMALL,Y2,0000,FLORAL
SMALL,Y2,0000,FLORAL
SMALL,Y2,0000,FLORAL
SMALL,Y2,0000,FLORAL
SMALL,Y2,0000,FLORAL
SMALL,Y2,0000,FLORAL
SMALL,Y2,0000,SMALL
SMALL,Y2,0000,FLORAL
SMALL,Y2,0000,SMALL
SMALL,Y2,0000,FLORAL
SMALL,Y2,0000,FLORAL
SMALL,Y2,0000,FLORAL
SMALL,Y2,0000,LARGE
SMALL,Y2,0000,SMALL
SMALL,Y2,0000,SMALL
SMALL,Y2,0000,MEDIUM
SMALL,Y2,0000,FLORAL
SMALL,Y2,0000,SMALL
SMALL,Y2,0000,SMALL
SMALL,Y2,0000,SMALL
SMALL,Y3,0000,SMALL
SMALL,Y3,0000,SMALL
SMALL,Y3,0000,FLORAL
SMALL,Y3,0000,FLORAL
SMALL,Y3,0000,SMALL
SMALL,Y3,0000,SMALL
SMALL,Y3,0000,SMALL
SMALL,Y3,0000,SMALL
SMALL,Y3,0000,MEDIUM
SMALL,Y3,0000,SMALL
SMALL,Y3,0000,MEDIUM
SMALL,Y3,0000,FLORAL
SMALL,Y3,0000,FLORAL
SMALL,Y3,0000,SMALL
SMALL,Y3,0000,SMALL
SMALL,Y3,0000,SMALL
SMALL,Y3,0000,FLORAL
SMALL,Y3,0000,MEDIUM
SMALL,Y3,0000,MEDIUM
SMALL,Y3,0000,FLORAL
SMALL,Y3,0000,FLORAL
SMALL,Y3,0000,FLORAL
SMALL,Y3,0000,FLORAL
SMALL,Y3,0000,FLORAL
SMALL,Y3,0000,FLORAL
SMALL,Y3,0000,FLORAL
SMALL,Y3,0000,FLORAL
SMALL,Y3,0000,FLORAL
SMALL,Y3,0000,SMALL
SMALL,Y3,0000,SMALL
SMALL,Y3,0000,FLORAL
SMALL,Y3,0000,SMALL
SMALL,Y3,0000,FLORAL
SMALL,Y3,0000,SMALL
SMALL,Y3,0000,SMALL
SMALL,Y3,0000,SMALL
SMALL,Y3,0000,SMALL
SMALL,Y3,0000,SMALL
SMALL,Y3,0000,SMALL
SMALL,Y3,0000,FLORAL
SMALL,Y3,0000,SMALL
SMALL,Y3,0000,FLORAL
SMALL,Y3,0000,MEDIUM
SMALL,Y3,0000,SMALL
SMALL,Y3,0000,MEDIUM
SMALL,Y3,0000,SMALL
SMALL,Y3,0000,MEDIUM
SMALL,Y3,0000,SMALL
SMALL,Y3,0000,FLORAL
SMALL,Y3,0000,MEDIUM
SMALL,Y3,0000,FLORAL
SMALL,Y3,0000,SMALL
SMALL,Y3,0000,SMALL
SMALL,Y3,0000,FLORAL
SMALL,Y3,0000,SMALL
SMALL,Y3,0000,MEDIUM
SMALL,Y3,0000,SMALL
SMALL,Y3,0000,SMALL
SMALL,Y3,0000,SMALL
SMALL,Y3,0000,SMALL
SMALL,Y3,0000,SMALL
SMALL,Y3,0000,FLORAL
SMALL,Y3,0000,FLORAL
SMALL,Y3,0000,SMALL
SMALL,Y3,0000,SMALL
SMALL,Y3,0000,MEDIUM
SMALL,Y3,0000,FLORAL
SMALL,Y3,0000,FLORAL
SMALL,Y3,0000,FLORAL
SMALL,Y3,0000,MEDIUM
SMALL,Y3,0000,SMALL
SMALL,Y3,0000,SMALL
SMALL,Y3,0000,FLORAL
SMALL,Y3,0000,FLORAL
SMALL,Y3,0000,SMALL
SMALL,Y3,0000,FLORAL
SMALL,Y3,0000,SMALL
SMALL,Y3,0000,SMALL
SMALL,Y3,0000,SMALL
SMALL,Y3,0000,FLORAL
SMALL,Y3,0000,SMALL
SMALL,Y3,0000,SMALL
SMALL,Y3,0000,SMALL
SMALL,Y3,0000,SMALL
SMALL,Y3,0000,FLORAL
SMALL,Y3,0000,FLORAL
SMALL,Y3,0000,SMALL
SMALL,Y3,0000,FLORAL
SMALL,Y3,0000,FLORAL
SMALL,Y3,0000,MEDIUM
SMALL,Y3,0000,FLORAL
SMALL,Y3,0000,SMALL
SMALL,Y3,0000,FLORAL
SMALL,Y3,0000,FLORAL
SMALL,Y3,0000,FLORAL
SMALL,Y3,0000,FLORAL
SMALL,Y3,0000,FLORAL
SMALL,Y3,0000,SMALL
SMALL,Y3,0000,SMALL
SMALL,Y3,0000,FLORAL
SMALL,Y4,0000,FLORAL
SMALL,Y4,0000,FLORAL
SMALL,Y4,0000,FLORAL
SMALL,Y4,0000,FLORAL
SMALL,Y4,0000,FLORAL
SMALL,Y4,0000,FLORAL
SMALL,Y4,0000,FLORAL
SMALL,Y4,0000,FLORAL
SMALL,Y4,0000,SMALL
SMALL,Y4,0000,FLORAL
SMALL,Y4,0000,FLORAL
SMALL,Y4,0000,SMALL
SMALL,Y4,0000,SMALL
SMALL,Y4,0000,FLORAL
SMALL,Y4,0000,FLORAL
SMALL,Y4,0000,FLORAL
SMALL,Y4,0000,FLORAL
SMALL,Y4,0000,FLORAL
SMALL,Y4,0000,FLORAL
SMALL,Y4,0000,SMALL
SMALL,Y4,0000,FLORAL
SMALL,Y4,0000,SMALL
SMALL,Y4,0000,FLORAL
SMALL,Y4,0000,FLORAL
SMALL,Y4,0000,FLORAL
SMALL,Y4,0000,FLORAL
SMALL,Y4,0000,FLORAL
SMALL,Y4,0000,FLORAL
SMALL,Y4,0000,FLORAL
SMALL,Y4,0000,FLORAL
SMALL,Y4,0000,SMALL
SMALL,Y4,0000,FLORAL
SMALL,Y4,0000,FLORAL
SMALL,Y4,0000,SMALL
SMALL,Y4,0000,FLORAL
SMALL,Y4,0000,FLORAL
SMALL,Y4,0000,FLORAL
SMALL,Y4,0000,SMALL
SMALL,Y4,0000,FLORAL
SMALL,Y4,0000,FLORAL
SMALL,Y4,0000,FLORAL
SMALL,Y4,0000,SMALL
SMALL,Y4,0000,FLORAL
SMALL,Y4,0000,FLORAL
SMALL,Y4,0000,FLORAL
SMALL,Y4,0000,SMALL
SMALL,Y4,0000,SMALL
SMALL,Y4,0000,FLORAL
SMALL,Y4,0000,FLORAL
SMALL,Y4,0000,FLORAL
SMALL,Y4,0000,SMALL
SMALL,Y4,0000,FLORAL
SMALL,Y4,0000,FLORAL
SMALL,Y4,0000,FLORAL
SMALL,Y4,0000,FLORAL
SMALL,Y4,0000,FLORAL
SMALL,Y4,0000,FLORAL
SMALL,Y4,0000,FLORAL
SMALL,Y4,0000,FLORAL
SMALL,Y4,0000,FLORAL
SMALL,Y4,0000,FLORAL
SMALL,Y4,0000,FLORAL
SMALL,Y4,0000,FLORAL
SMALL,Y4,0000,FLORAL
SMALL,Y4,0000,FLORAL
SMALL,Y4,0000,FLORAL
SMALL,Y4,0000,FLORAL
SMALL,Y4,0000,FLORAL
SMALL,Y4,0000,FLORAL
SMALL,Y4,0000,FLORAL
SMALL,Y4,0000,SMALL
SMALL,Y4,0000,FLORAL
SMALL,Y4,0000,FLORAL
SMALL,Y4,0000,FLORAL
SMALL,Y4,0000,FLORAL
SMALL,Y4,0000,SMALL
SMALL,Y4,0000,FLORAL
SMALL,Y4,0000,FLORAL
SMALL,Y4,0000,SMALL
SMALL,Y4,0000,FLORAL
SMALL,Y4,0000,FLORAL
SMALL,Y4,0000,FLORAL
SMALL,Y4,0000,FLORAL
SMALL,Y4,0000,FLORAL
SMALL,Y4,0000,FLORAL
SMALL,Y4,0000,FLORAL
SMALL,Y4,0000,FLORAL
SMALL,Y4,0000,SMALL
SMALL,Y4,0000,FLORAL
SMALL,Y4,0000,FLORAL
SMALL,Y4,0000,FLORAL
SMALL,Y4,0000,FLORAL
SMALL,Y4,0000,FLORAL
SMALL,Y4,0000,FLORAL
SMALL,Y4,0000,MEDIUM
SMALL,Y4,0000,FLORAL
SMALL,Y4,0000,FLORAL
SMALL,Y4,0000,FLORAL
SMALL,Y4,0000,FLORAL
SMALL,Y4,0000,SMALL
SMALL,Y5,0000,FLORAL
SMALL,Y5,0000,FLORAL
SMALL,Y5,0000,SMALL
SMALL,Y5,0000,FLORAL
SMALL,Y5,0000,FLORAL
SMALL,Y5,0000,FLORAL
SMALL,Y5,0000,FLORAL
SMALL,Y5,0000,FLORAL
SMALL,Y5,0000,FLORAL
SMALL,Y5,0000,FLORAL
SMALL,Y5,0000,FLORAL
SMALL,Y5,0000,FLORAL
SMALL,Y5,0000,FLORAL
SMALL,Y5,0000,FLORAL
SMALL,Y5,0000,FLORAL
SMALL,Y5,0000,SMALL
SMALL,Y5,0000,SMALL
SMALL,Y5,0000,FLORAL
SMALL,Y5,0000,FLORAL
SMALL,Y5,0000,SMALL
SMALL,Y5,0000,SMALL
SMALL,Y5,0000,SMALL
SMALL,Y5,0000,SMALL
SMALL,Y5,0000,FLORAL
SMALL,Y5,0000,FLORAL
SMALL,Y5,0000,FLORAL
SMALL,Y5,0000,FLORAL
SMALL,Y5,0000,SMALL
SMALL,Y5,0000,FLORAL
SMALL,Y5,0000,FLORAL
SMALL,Y5,0000,SMALL
SMALL,Y5,0000,FLORAL
SMALL,Y5,0000,FLORAL
SMALL,Y5,0000,SMALL
SMALL,Y5,0000,FLORAL
SMALL,Y5,0000,FLORAL
SMALL,Y5,0000,FLORAL
SMALL,Y5,0000,FLORAL
SMALL,Y5,0000,FLORAL
SMALL,Y5,0000,FLORAL
SMALL,Y5,0000,SMALL
SMALL,Y5,0000,FLORAL
SMALL,Y5,0000,FLORAL
SMALL,Y5,0000,FLORAL
SMALL,Y5,0000,FLORAL
SMALL,Y5,0000,FLORAL
SMALL,Y5,0000,FLORAL
SMALL,Y5,0000,FLORAL
SMALL,Y5,0000,SMALL
SMALL,Y5,0000,SMALL
SMALL,Y5,0000,FLORAL
SMALL,Y5,0000,SMALL
SMALL,Y5,0000,SMALL
SMALL,Y5,0000,SMALL
SMALL,Y5,0000,SMALL
SMALL,Y5,0000,FLORAL
SMALL,Y5,0000,FLORAL
SMALL,Y5,0000,SMALL
SMALL,Y5,0000,SMALL
SMALL,Y5,0000,FLORAL
SMALL,Y5,0000,FLORAL
SMALL,Y5,0000,SMALL
SMALL,Y5,0000,FLORAL
SMALL,Y5,0000,SMALL
SMALL,Y5,0000,FLORAL
SMALL,Y5,0000,FLORAL
SMALL,Y5,0000,SMALL
SMALL,Y5,0000,SMALL
SMALL,Y5,0000,FLORAL
SMALL,Y5,0000,SMALL
SMALL,Y5,0000,SMALL
SMALL,Y5,0000,FLORAL
SMALL,Y5,0000,SMALL
SMALL,Y5,0000,FLORAL
SMALL,Y5,0000,SMALL
SMALL,Y5,0000,SMALL
SMALL,Y5,0000,FLORAL
SMALL,Y5,0000,SMALL
SMALL,Y5,0000,FLORAL
SMALL,Y5,0000,SMALL
SMALL,Y5,0000,FLORAL
SMALL,Y5,0000,SMALL
SMALL,Y5,0000,FLORAL
SMALL,Y5,0000,SMALL
SMALL,Y5,0000,SMALL
SMALL,Y5,0000,FLORAL
SMALL,Y5,0000,SMALL
SMALL,Y5,0000,SMALL
SMALL,Y5,0000,FLORAL
SMALL,Y5,0000,SMALL
SMALL,Y5,0000,SMALL
SMALL,Y5,0000,FLORAL
SMALL,Y5,0000,SMALL
SMALL,Y5,0000,SMALL
SMALL,Y5,0000,SMALL
SMALL,Y5,0000,FLORAL
SMALL,Y5,0000,FLORAL
SMALL,Y5,0000,FLORAL
SMALL,Y5,0000,FLORAL
SMALL,Y5,0000,FLORAL
FLORAL,Y1,0000,DORMANT
FLORAL,Y1,0000,DORMANT
FLORAL,Y1,0000,DORMANT
FLORAL,Y1,0000,DORMANT
FLORAL,Y1,0000,DORMANT
FLORAL,Y1,0000,DORMANT
FLORAL,Y1,0000,DORMANT
FLORAL,Y1,0000,DORMANT
FLORAL,Y1,0000,DORMANT
FLORAL,Y1,0000,DORMANT
FLORAL,Y1,0000,DORMANT
FLORAL,Y1,0000,DORMANT
FLORAL,Y1,0000,DORMANT
FLORAL,Y1,0000,DORMANT
FLORAL,Y1,0000,DORMANT
FLORAL,Y1,0000,DORMANT
FLORAL,Y1,0000,DORMANT
FLORAL,Y1,0000,DORMANT
FLORAL,Y1,0000,DORMANT
FLORAL,Y1,0000,DORMANT
FLORAL,Y1,0000,DORMANT
FLORAL,Y1,0000,DORMANT
FLORAL,Y1,0000,DORMANT
FLORAL,Y1,0000,DORMANT
FLORAL,Y1,0000,DORMANT
FLORAL,Y1,0000,DORMANT
FLORAL,Y1,0000,DORMANT
FLORAL,Y1,0000,DORMANT
FLORAL,Y1,0000,DORMANT
FLORAL,Y1,0000,DORMANT
FLORAL,Y1,0000,DORMANT
FLORAL,Y1,0000,DORMANT
FLORAL,Y1,0000,DORMANT
FLORAL,Y1,0000,DORMANT
FLORAL,Y1,0000,DORMANT
FLORAL,Y1,0000,DORMANT
FLORAL,Y1,0000,DORMANT
FLORAL,Y1,0000,DORMANT
FLORAL,Y1,0000,DORMANT
FLORAL,Y1,0000,DORMANT
FLORAL,Y1,0000,DORMANT
FLORAL,Y1,0000,DORMANT
FLORAL,Y1,0000,DORMANT
FLORAL,Y1,0000,DORMANT
FLORAL,Y1,0000,DORMANT
FLORAL,Y1,0000,DORMANT
FLORAL,Y1,0000,DORMANT
FLORAL,Y1,0000,DORMANT
FLORAL,Y1,0000,DORMANT
FLORAL,Y1,0000,DORMANT
FLORAL,Y1,0000,DORMANT
FLORAL,Y1,0000,DORMANT
FLORAL,Y1,0000,DORMANT
FLORAL,Y1,0000,DORMANT
FLORAL,Y1,0000,DORMANT
FLORAL,Y1,0000,DORMANT
FLORAL,Y1,0000,DORMANT
FLORAL,Y1,0000,DORMANT
FLORAL,Y1,0000,DORMANT
FLORAL,Y1,0000,DORMANT
FLORAL,Y1,0000,DORMANT
FLORAL,Y1,0000,DORMANT
FLORAL,Y1,0000,DORMANT
FLORAL,Y1,0000,DORMANT
FLORAL,Y1,0000,DORMANT
FLORAL,Y1,0000,DORMANT
FLORAL,Y1,0000,DORMANT
FLORAL,Y1,0000,DORMANT
FLORAL,Y1,0000,DORMANT
FLORAL,Y1,0000,DORMANT
FLORAL,Y1,0000,DORMANT
FLORAL,Y1,0000,DORMANT
FLORAL,Y1,0000,DORMANT
FLORAL,Y1,0000,DORMANT
FLORAL,Y1,0000,DORMANT
FLORAL,Y1,0000,DORMANT
FLORAL,Y1,0000,DORMANT
FLORAL,Y1,0000,DORMANT
FLORAL,Y1,0000,DORMANT
FLORAL,Y1,0000,DORMANT
FLORAL,Y1,0000,DORMANT
FLORAL,Y1,0000,DORMANT
FLORAL,Y1,0000,DORMANT
FLORAL,Y1,0000,DORMANT
FLORAL,Y1,0000,DORMANT
FLORAL,Y1,0000,DORMANT
FLORAL,Y1,0000,DORMANT
FLORAL,Y1,0000,DORMANT
FLORAL,Y1,0000,DORMANT
FLORAL,Y1,0000,DORMANT
FLORAL,Y1,0000,DORMANT
FLORAL,Y1,0000,DORMANT
FLORAL,Y1,0000,DORMANT
FLORAL,Y1,0000,DORMANT
FLORAL,Y1,0000,DORMANT
FLORAL,Y1,0000,DORMANT
FLORAL,Y1,0000,DORMANT
FLORAL,Y1,0000,DORMANT
FLORAL,Y1,0000,DORMANT
FLORAL,Y1,0000,DORMANT
FLORAL,Y2,0000,DORMANT
FLORAL,Y2,0000,DORMANT
FLORAL,Y2,0000,DORMANT
FLORAL,Y2,0000,DORMANT
FLORAL,Y2,0000,DORMANT
FLORAL,Y2,0000,DORMANT
FLORAL,Y2,0000,DORMANT
FLORAL,Y2,0000,DORMANT
FLORAL,Y2,0000,DORMANT
FLORAL,Y2,0000,DORMANT
FLORAL,Y2,0000,DORMANT
FLORAL,Y2,0000,DORMANT
FLORAL,Y2,0000,DORMANT
FLORAL,Y2,0000,DORMANT
FLORAL,Y2,0000,DORMANT
FLORAL,Y2,0000,DORMANT
FLORAL,Y2,0000,DORMANT
FLORAL,Y2,0000,DORMANT
FLORAL,Y2,0000,DORMANT
FLORAL,Y2,0000,DORMANT
FLORAL,Y2,0000,DORMANT
FLORAL,Y2,0000,DORMANT
FLORAL,Y2,0000,DORMANT
FLORAL,Y2,0000,DORMANT
FLORAL,Y2,0000,DORMANT
FLORAL,Y2,0000,DORMANT
FLORAL,Y2,0000,DORMANT
FLORAL,Y2,0000,DORMANT
FLORAL,Y2,0000,DORMANT
FLORAL,Y2,0000,DORMANT
FLORAL,Y2,0000,DORMANT
FLORAL,Y2,0000,DORMANT
FLORAL,Y2,0000,DORMANT
FLORAL,Y2,0000,DORMANT
FLORAL,Y2,0000,DORMANT
FLORAL,Y2,0000,DORMANT
FLORAL,Y2,0000,DORMANT
FLORAL,Y2,0000,DORMANT
FLORAL,Y2,0000,DORMANT
FLORAL,Y2,0000,DORMANT
FLORAL,Y2,0000,DORMANT
FLORAL,Y2,0000,DORMANT
FLORAL,Y2,0000,DORMANT
FLORAL,Y2,0000,DORMANT
FLORAL,Y2,0000,DORMANT
FLORAL,Y2,0000,DORMANT
FLORAL,Y2,0000,DORMANT
FLORAL,Y2,0000,DORMANT
FLORAL,Y2,0000,DORMANT
FLORAL,Y2,0000,DORMANT
FLORAL,Y2,0000,DORMANT
FLORAL,Y2,0000,DORMANT
FLORAL,Y2,0000,DORMANT
FLORAL,Y2,0000,DORMANT
FLORAL,Y2,0000,DORMANT
FLORAL,Y2,0000,DORMANT
FLORAL,Y2,0000,DORMANT
FLORAL,Y2,0000,DORMANT
FLORAL,Y2,0000,DORMANT
FLORAL,Y2,0000,DORMANT
FLORAL,Y2,0000,DORMANT
FLORAL,Y2,0000,DORMANT
FLORAL,Y2,0000,DORMANT
FLORAL,Y2,0000,DORMANT
FLORAL,Y2,0000,DORMANT
FLORAL,Y2,0000,DORMANT
FLORAL,Y2,0000,DORMANT
FLORAL,Y2,0000,DORMANT
FLORAL,Y2,0000,DORMANT
FLORAL,Y2,0000,DORMANT
FLORAL,Y2,0000,DORMANT
FLORAL,Y2,0000,DORMANT
FLORAL,Y2,0000,DORMANT
FLORAL,Y2,0000,DORMANT
FLORAL,Y2,0000,DORMANT
FLORAL,Y2,0000,DORMANT
FLORAL,Y2,0000,DORMANT
FLORAL,Y2,0000,DORMANT
FLORAL,Y2,0000,DORMANT
FLORAL,Y2,0000,DORMANT
FLORAL,Y2,0000,DORMANT
FLORAL,Y2,0000,DORMANT
FLORAL,Y2,0000,DORMANT
FLORAL,Y2,0000,DORMANT
FLORAL,Y2,0000,DORMANT
FLORAL,Y2,0000,DORMANT
FLORAL,Y2,0000,DORMANT
FLORAL,Y2,0000,DORMANT
FLORAL,Y2,0000,DORMANT
FLORAL,Y2,0000,DORMANT
FLORAL,Y2,0000,DORMANT
FLORAL,Y2,0000,DORMANT
FLORAL,Y2,0000,DORMANT
FLORAL,Y2,0000,DORMANT
FLORAL,Y2,0000,DORMANT
FLORAL,Y2,0000,DORMANT
FLORAL,Y2,0000,DORMANT
FLORAL,Y2,0000,DORMANT
FLORAL,Y2,0000,DORMANT
FLORAL,Y2,0000,DORMANT
FLORAL,Y3,0000,DORMANT
FLORAL,Y3,0000,DORMANT
FLORAL,Y3,0000,DORMANT
FLORAL,Y3,0000,DORMANT
FLORAL,Y3,0000,DORMANT
FLORAL,Y3,0000,DORMANT
FLORAL,Y3,0000,DORMANT
FLORAL,Y3,0000,DORMANT
FLORAL,Y3,0000,DORMANT
FLORAL,Y3,0000,DORMANT
FLORAL,Y3,0000,DORMANT
FLORAL,Y3,0000,DORMANT
FLORAL,Y3,0000,DORMANT
FLORAL,Y3,0000,DORMANT
FLORAL,Y3,0000,DORMANT
FLORAL,Y3,0000,DORMANT
FLORAL,Y3,0000,DORMANT
FLORAL,Y3,0000,DORMANT
FLORAL,Y3,0000,DORMANT
FLORAL,Y3,0000,DORMANT
FLORAL,Y3,0000,DORMANT
FLORAL,Y3,0000,DORMANT
FLORAL,Y3,0000,DORMANT
FLORAL,Y3,0000,DORMANT
FLORAL,Y3,0000,DORMANT
FLORAL,Y3,0000,DORMANT
FLORAL,Y3,0000,DORMANT
FLORAL,Y3,0000,DORMANT
FLORAL,Y3,0000,DORMANT
FLORAL,Y3,0000,DORMANT
FLORAL,Y3,0000,DORMANT
FLORAL,Y3,0000,DORMANT
FLORAL,Y3,0000,DORMANT
FLORAL,Y3,0000,DORMANT
FLORAL,Y3,0000,DORMANT
FLORAL,Y3,0000,DORMANT
FLORAL,Y3,0000,DORMANT
FLORAL,Y3,0000,DORMANT
FLORAL,Y3,0000,DORMANT
FLORAL,Y3,0000,DORMANT
FLORAL,Y3,0000,DORMANT
FLORAL,Y3,0000,DORMANT
FLORAL,Y3,0000,DORMANT
FLORAL,Y3,0000,DORMANT
FLORAL,Y3,0000,DORMANT
FLORAL,Y3,0000,DORMANT
FLORAL,Y3,0000,DORMANT
FLORAL,Y3,0000,DORMANT
FLORAL,Y3,0000,DORMANT
FLORAL,Y3,0000,DORMANT
FLORAL,Y3,0000,DORMANT
FLORAL,Y3,0000,DORMANT
FLORAL,Y3,0000,DORMANT
FLORAL,Y3,0000,DORMANT
FLORAL,Y3,0000,DORMANT
FLORAL,Y3,0000,DORMANT
FLORAL,Y3,0000,DORMANT
FLORAL,Y3,0000,DORMANT
FLORAL,Y3,0000,DORMANT
FLORAL,Y3,0000,DORMANT
FLORAL,Y3,0000,DORMANT
FLORAL,Y3,0000,DORMANT
FLORAL,Y3,0000,DORMANT
FLORAL,Y3,0000,DORMANT
FLORAL,Y3,0000,DORMANT
FLORAL,Y3,0000,DORMANT
FLORAL,Y3,0000,DORMANT
FLORAL,Y3,0000,DORMANT
FLORAL,Y3,0000,DORMANT
FLORAL,Y3,0000,DORMANT
FLORAL,Y3,0000,DORMANT
FLORAL,Y3,0000,DORMANT
FLORAL,Y3,0000,DORMANT
FLORAL,Y3,0000,DORMANT
FLORAL,Y3,0000,DORMANT
FLORAL,Y3,0000,DORMANT
FLORAL,Y3,0000,DORMANT
FLORAL,Y3,0000,DORMANT
FLORAL,Y3,0000,DORMANT
FLORAL,Y3,0000,DORMANT
FLORAL,Y3,0000,DORMANT
FLORAL,Y3,0000,DORMANT
FLORAL,Y3,0000,DORMANT
FLORAL,Y3,0000,DORMANT
FLORAL,Y3,0000,DORMANT
FLORAL,Y3,0000,DORMANT
FLORAL,Y3,0000,DORMANT
FLORAL,Y3,0000,DORMANT
FLORAL,Y3,0000,DORMANT
FLORAL,Y3,0000,DORMANT
FLORAL,Y3,0000,DORMANT
FLORAL,Y3,0000,DORMANT
FLORAL,Y3,0000,DORMANT
FLORAL,Y3,0000,DORMANT
FLORAL,Y3,0000,DORMANT
FLORAL,Y3,0000,DORMANT
FLORAL,Y3,0000,DORMANT
FLORAL,Y3,0000,DORMANT
FLORAL,Y3,0000,DORMANT
FLORAL,Y3,0000,DORMANT
FLORAL,Y4,0000,DORMANT
FLORAL,Y4,0000,DORMANT
FLORAL,Y4,0000,DORMANT
FLORAL,Y4,0000,DORMANT
FLORAL,Y4,0000,DORMANT
FLORAL,Y4,0000,DORMANT
FLORAL,Y4,0000,DORMANT
FLORAL,Y4,0000,DORMANT
FLORAL,Y4,0000,DORMANT
FLORAL,Y4,0000,DORMANT
FLORAL,Y4,0000,DORMANT
FLORAL,Y4,0000,DORMANT
FLORAL,Y4,0000,DORMANT
FLORAL,Y4,0000,DORMANT
FLORAL,Y4,0000,DORMANT
FLORAL,Y4,0000,DORMANT
FLORAL,Y4,0000,DORMANT
FLORAL,Y4,0000,DORMANT
FLORAL,Y4,0000,DORMANT
FLORAL,Y4,0000,DORMANT
FLORAL,Y4,0000,DORMANT
FLORAL,Y4,0000,DORMANT
FLORAL,Y4,0000,DORMANT
FLORAL,Y4,0000,DORMANT
FLORAL,Y4,0000,DORMANT
FLORAL,Y4,0000,DORMANT
FLORAL,Y4,0000,DORMANT
FLORAL,Y4,0000,DORMANT
FLORAL,Y4,0000,DORMANT
FLORAL,Y4,0000,DORMANT
FLORAL,Y4,0000,DORMANT
FLORAL,Y4,0000,DORMANT
FLORAL,Y4,0000,DORMANT
FLORAL,Y4,0000,DORMANT
FLORAL,Y4,0000,DORMANT
FLORAL,Y4,0000,DORMANT
FLORAL,Y4,0000,DORMANT
FLORAL,Y4,0000,DORMANT
FLORAL,Y4,0000,DORMANT
FLORAL,Y4,0000,DORMANT
FLORAL,Y4,0000,DORMANT
FLORAL,Y4,0000,DORMANT
FLORAL,Y4,0000,DORMANT
FLORAL,Y4,0000,DORMANT
FLORAL,Y4,0000,DORMANT
FLORAL,Y4,0000,DORMANT
FLORAL,Y4,0000,DORMANT
FLORAL,Y4,0000,DORMANT
FLORAL,Y4,0000,DORMANT
FLORAL,Y4,0000,DORMANT
FLORAL,Y4,0000,DORMANT
FLORAL,Y4,0000,DORMANT
FLORAL,Y4,0000,DORMANT
FLORAL,Y4,0000,DORMANT
FLORAL,Y4,0000,DORMANT
FLORAL,Y4,0000,DORMANT
FLORAL,Y4,0000,DORMANT
FLORAL,Y4,0000,DORMANT
FLORAL,Y4,0000,DORMANT
FLORAL,Y4,0000,DORMANT
FLORAL,Y4,0000,DORMANT
FLORAL,Y4,0000,DORMANT
FLORAL,Y4,0000,DORMANT
FLORAL,Y4,0000,DORMANT
FLORAL,Y4,0000,DORMANT
FLORAL,Y4,0000,DORMANT
FLORAL,Y4,0000,DORMANT
FLORAL,Y4,0000,DORMANT
FLORAL,Y4,0000,DORMANT
FLORAL,Y4,0000,DORMANT
FLORAL,Y4,0000,DORMANT
FLORAL,Y4,0000,DORMANT
FLORAL,Y4,0000,DORMANT
FLORAL,Y4,0000,DORMANT
FLORAL,Y4,0000,DORMANT
FLORAL,Y4,0000,DORMANT
FLORAL,Y4,0000,DORMANT
FLORAL,Y4,0000,DORMANT
FLORAL,Y4,0000,DORMANT
FLORAL,Y4,0000,DORMANT
FLORAL,Y4,0000,DORMANT
FLORAL,Y4,0000,DORMANT
FLORAL,Y4,0000,DORMANT
FLORAL,Y4,0000,DORMANT
FLORAL,Y4,0000,DORMANT
FLORAL,Y4,0000,DORMANT
FLORAL,Y4,0000,DORMANT
FLORAL,Y4,0000,DORMANT
FLORAL,Y4,0000,DORMANT
FLORAL,Y4,0000,DORMANT
FLORAL,Y4,0000,DORMANT
FLORAL,Y4,0000,DORMANT
FLORAL,Y4,0000,DORMANT
FLORAL,Y4,0000,DORMANT
FLORAL,Y4,0000,DORMANT
FLORAL,Y4,0000,DORMANT
FLORAL,Y4,0000,DORMANT
FLORAL,Y4,0000,DORMANT
FLORAL,Y4,0000,DORMANT
FLORAL,Y4,0000,DORMANT
FLORAL,Y5,0000,DORMANT
FLORAL,Y5,0000,DORMANT
FLORAL,Y5,0000,DORMANT
FLORAL,Y5,0000,DORMANT
FLORAL,Y5,0000,DORMANT
FLORAL,Y5,0000,DORMANT
FLORAL,Y5,0000,DORMANT
FLORAL,Y5,0000,DORMANT
FLORAL,Y5,0000,DORMANT
FLORAL,Y5,0000,DORMANT
FLORAL,Y5,0000,DORMANT
FLORAL,Y5,0000,DORMANT
FLORAL,Y5,0000,DORMANT
FLORAL,Y5,0000,DORMANT
FLORAL,Y5,0000,DORMANT
FLORAL,Y5,0000,DORMANT
FLORAL,Y5,0000,DORMANT
FLORAL,Y5,0000,DORMANT
FLORAL,Y5,0000,DORMANT
FLORAL,Y5,0000,DORMANT
FLORAL,Y5,0000,DORMANT
FLORAL,Y5,0000,DORMANT
FLORAL,Y5,0000,DORMANT
FLORAL,Y5,0000,DORMANT
FLORAL,Y5,0000,DORMANT
FLORAL,Y5,0000,DORMANT
FLORAL,Y5,0000,DORMANT
FLORAL,Y5,0000,DORMANT
FLORAL,Y5,0000,DORMANT
FLORAL,Y5,0000,DORMANT
FLORAL,Y5,0000,DORMANT
FLORAL,Y5,0000,DORMANT
FLORAL,Y5,0000,DORMANT
FLORAL,Y5,0000,DORMANT
FLORAL,Y5,0000,DORMANT
FLORAL,Y5,0000,DORMANT
FLORAL,Y5,0000,DORMANT
FLORAL,Y5,0000,DORMANT
FLORAL,Y5,0000,DORMANT
FLORAL,Y5,0000,DORMANT
FLORAL,Y5,0000,DORMANT
FLORAL,Y5,0000,DORMANT
FLORAL,Y5,0000,DORMANT
FLORAL,Y5,0000,DORMANT
FLORAL,Y5,0000,DORMANT
FLORAL,Y5,0000,DORMANT
FLORAL,Y5,0000,DORMANT
FLORAL,Y5,0000,DORMANT
FLORAL,Y5,0000,DORMANT
FLORAL,Y5,0000,DORMANT
FLORAL,Y5,0000,DORMANT
FLORAL,Y5,0000,DORMANT
FLORAL,Y5,0000,DORMANT
FLORAL,Y5,0000,DORMANT
FLORAL,Y5,0000,DORMANT
FLORAL,Y5,0000,DORMANT
FLORAL,Y5,0000,DORMANT
FLORAL,Y5,0000,DORMANT
FLORAL,Y5,0000,DORMANT
FLORAL,Y5,0000,DORMANT
FLORAL,Y5,0000,DORMANT
FLORAL,Y5,0000,DORMANT
FLORAL,Y5,0000,DORMANT
FLORAL,Y5,0000,DORMANT
FLORAL,Y5,0000,DORMANT
FLORAL,Y5,0000,DORMANT
FLORAL,Y5,0000,DORMANT
FLORAL,Y5,0000,DORMANT
FLORAL,Y5,0000,DORMANT
FLORAL,Y5,0000,DORMANT
FLORAL,Y5,0000,DORMANT
FLORAL,Y5,0000,DORMANT
FLORAL,Y5,0000,DORMANT
FLORAL,Y5,0000,DORMANT
FLORAL,Y5,0000,DORMANT
FLORAL,Y5,0000,DORMANT
FLORAL,Y5,0000,DORMANT
FLORAL,Y5,0000,DORMANT
FLORAL,Y5,0000,DORMANT
FLORAL,Y5,0000,DORMANT
FLORAL,Y5,0000,DORMANT
FLORAL,Y5,0000,DORMANT
FLORAL,Y5,0000,DORMANT
FLORAL,Y5,0000,DORMANT
FLORAL,Y5,0000,DORMANT
FLORAL,Y5,0000,DORMANT
FLORAL,Y5,0000,DORMANT
FLORAL,Y5,0000,DORMANT
FLORAL,Y5,0000,DORMANT
FLORAL,Y5,0000,DORMANT
FLORAL,Y5,0000,DORMANT
FLORAL,Y5,0000,DORMANT
FLORAL,Y5,0000,DORMANT
FLORAL,Y5,0000,DORMANT
FLORAL,Y5,0000,DORMANT
FLORAL,Y5,0000,DORMANT
FLORAL,Y5,0000,DORMANT
FLORAL,Y5,0000,DORMANT
FLORAL,Y5,0000,DORMANT
FLORAL,Y5,0000,DORMANT
LARGE,Y1,0000030004000404040020331,LARGE
LARGE,Y1,00000413000431000400034030003440420303043000400000,LARGE
LARGE,Y1,0000331400303000241000000000,LARGE
LARGE,Y1,00004030000000041440040424000040,MEDIUM
LARGE,Y1,00000033003014140340010014020021004000000404044,LARGE
LARGE,Y1,000000000303400000404443100000320000043330330030000,LARGE
LARGE,Y1,00000044444441304004000041000000000000001040044000400,LARGE
LARGE,Y1,0000000310001003000403110400401000220041000400,FLORAL
LARGE,Y1,0000000330004030003000000000044300100013003400444440000000030,FLORAL
LARGE,Y1,0000000000300040000000000,LARGE
LARGE,Y1,000000000034000320040030434010044400,LARGE
LARGE,Y1,000030340030000000440400000030201430010013000004001100440020044,FLORAL
LARGE,Y1,000000010002002012404013040300001301001033333333020000300,MEDIUM
LARGE,Y1,000000301304020204100100000303104302010000040101140,LARGE
LARGE,Y1,000000030100300000400440040004041000020010300333323000,LARGE
LARGE,Y1,00003040044444103100000040400000000121400101004143404004043030104,LARGE
LARGE,Y1,00000004444024000,LARGE
LARGE,Y1,0000030030330000033400000043101000000330000300400444440000000,LARGE
LARGE,Y1,00000002013300440400000301010012320104400040400,LARGE
LARGE,Y1,00000000033333303304403004010010000144001000333300000000000000,FLORAL
LARGE,Y1,00000304300400003424030140003030230300333000,FLORAL
LARGE,Y1,000003321000002400310000400020004040040000000110004034041000,MEDIUM
LARGE,Y1,0000030003300010030310040000400300400004002040000004420400,LARGE
LARGE,Y1,0000000300000400003440000004404001034040100130000404440303,FLORAL
LARGE,Y1,00000000430010102000430010104300200003342000000000,MEDIUM
LARGE,Y1,000000003330100410000102310033343300000,LARGE
LARGE,Y1,00000300011400441004430044000010040403221000000000104,LARGE
LARGE,Y1,000003300300004000000441003040000000000000004004400430000000000,LARGE
LARGE,Y1,0000000000000003200010040010300300004004100001000401,LARGE
LARGE,Y1,000001400000004400041204000400011040403000,LARGE
LARGE,Y1,00000440444300000,MEDIUM
LARGE,Y1,000040444000000,FLORAL
LARGE,Y1,000000000043100210000000400440101,MEDIUM
LARGE,Y1,00000000300003330001010004003440211,LARGE
LARGE,Y1,00000000000040440440030,FLORAL
LARGE,Y1,00000300430030013000404043134000000440100110,LARGE
LARGE,Y1,0000303000400240400000000000442443000300000,LARGE
LARGE,Y1,0000000000300430044400040030040404040010030000213040044030004,LARGE
LARGE,Y1,00000033004130402200001000400030004001000030444001032001040403004,LARGE
LARGE,Y1,00000003300100200410004404000200402204041000000023200440440440000,FLORAL
LARGE,Y1,000000000040440044000,FLORAL
LARGE,Y1,000000304440124404301130004103004003300344404440000,FLORAL
LARGE,Y1,000000443440000,FLORAL
LARGE,Y1,00000013010444440040022043400000244,LARGE
LARGE,Y1,0000000002410024000100003001,MEDIUM
LARGE,Y1,000000344000004140000400000441300401410400403200422300040000,LARGE
LARGE,Y1,00000033430330004324400001000400000400100400444044000,LARGE
LARGE,Y1,0000000330003101000300104042,LARGE
LARGE,Y1,000000111044000032041004000300000010010014040400444000040,FLORAL
LARGE,Y1,0000000000343004404040104040404004024000000000200000404404004142,LARGE
LARGE,Y1,0000000400440440003,FLORAL
LARGE,Y1,00000033033010000400001000000030440002034404400004000303234200000000,LARGE
LARGE,Y1,000003031043044040314301404034100000400004,FLORAL
LARGE,Y1,0000034410040000000000000410000014241040301,LARGE
LARGE,Y1,000003443010033040402100000243004404033034300200004443404440030,LARGE
LARGE,Y1,000000000330102000010000,LARGE
LARGE,Y1,0000004330332000042011400000430000,FLORAL
LARGE,Y1,0000003033300001000101040004040404004444440000,LARGE
LARGE,Y1,000003333003030340020401030033004404200011,LARGE
LARGE,Y1,0000003000000101000003002004013000010040304001001,LARGE
LARGE,Y1,0000000412040000002100004000000204020000,FLORAL
LARGE,Y1,0000003044030000000210004000000100340440000000000000000000000,FLORAL
LARGE,Y1,000000000330000004000000440000020100,LARGE
LARGE,Y1,00000000000000330330003040434040300400000441001444200044004000,MEDIUM
LARGE,Y1,0000000003333001010401,LARGE
LARGE,Y1,0000000000000100010000140,LARGE
LARGE,Y1,000004303000400400004000300400,FLORAL
LARGE,Y1,000040403030042001040124040430204,FLORAL
LARGE,Y1,00000034131000030104034034001324401014040043400,LARGE
LARGE,Y1,000000244400443000000000,LARGE
LARGE,Y1,0000300002304200000004102,MEDIUM
LARGE,Y1,0000040204001000000001400400010000000010040114,FLORAL
LARGE,Y1,00000030000204101030013440010,LARGE
LARGE,Y1,000003323240044401044000340440040000000130000001140044404044000000,FLORAL
LARGE,Y1,0000003010004000404200100000004022000423000001040044444044000000,LARGE
LARGE,Y1,000000003030000230000040004040,LARGE
LARGE,Y1,00000330004040003341300000000400410401004003002020440003,FLORAL
LARGE,Y1,00000002013304000400002211340003003010043040000334200,FLORAL
LARGE,Y1,00000000003000040030000040002000400,MEDIUM
LARGE,Y1,000033300200000010444010400002410,LARGE
LARGE,Y1,000000043400000000010120000000440400,FLORAL
LARGE,Y1,00000004031000000,LARGE
LARGE,Y1,00000300110044100140001000010010403000004000000140110042004004004200,LARGE
LARGE,Y1,0000000030000404400100010040000030044303004001400000440410000404,MEDIUM
LARGE,Y1,0000000001340441000404001404004000000001001404,FLORAL
LARGE,Y1,000000030001000002,FLORAL
LARGE,Y1,00000340303000400440210040300011003044400112404010,LARGE
LARGE,Y1,0000000330404010000000004010004403032430230000000,LARGE
LARGE,Y1,00000044444000000000000000,FLORAL
LARGE,Y1,00000003004044001000002030211040100003004,MEDIUM
LARGE,Y1,00000003033043030400400140010000000400,FLORAL
LARGE,Y1,00000003001002010310004101000404410040,LARGE
LARGE,Y1,00000030044003023040000044240,LARGE
LARGE,Y1,0000000333000004404231240100030300300104000004003044400000,LARGE
LARGE,Y1,00000330101000040400003100010000004030,FLORAL
LARGE,Y1,0000000404402244341043300040022,FLORAL
LARGE,Y1,0000030040100003003001000000000020404000430000013000001,LARGE
LARGE,Y1,0000030044400400004130002030000,FLORAL
LARGE,Y1,0000000434004240004330000400020,LARGE
LARGE,Y1,000000003003000000440030040440440000410000003004,LARGE
LARGE,Y2,0000004004040000000000000010210003300323000000,LARGE
LARGE,Y2,00000004004040040000,LARGE
LARGE,Y2,00010300040404440100044044444404410401441043030000000,FLORAL
LARGE,Y2,00010300040404440100044044444404410401441043030000000,MEDIUM
LARGE,Y2,00010300040404440100044044444404410401441043030000000,FLORAL
LARGE,Y2,000000000000044444414110200001122300000,FLORAL
LARGE,Y2,0000004004040000000000000010210003300323000000,FLORAL
LARGE,Y2,00230003203000000000004000044040000000444440400203020442340000,LARGE
LARGE,Y2,003333000320004004404044403444440000033000000000,MEDIUM
LARGE,Y2,00230003203000000000004000044040000000444440400203020442340000,FLORAL
LARGE,Y2,00000004004040040000,LARGE
LARGE,Y2,00010300040404440100044044444404410401441043030000000,MEDIUM
LARGE,Y2,100001030100000404004043001100300040000000231003040410000,FLORAL
LARGE,Y2,00000004004040040000,FLORAL
LARGE,Y2,00230003203000000000004000044040000000444440400203020442340000,FLORAL
LARGE,Y2,0000004004040000000000000010210003300323000000,LARGE
LARGE,Y2,000300444444440400400400134114220000000,MEDIUM
LARGE,Y2,100001030100000404004043001100300040000000231003040410000,MEDIUM
LARGE,Y2,0000004004040000000000000010210003300323000000,FLORAL
LARGE,Y2,0000004004040000000000000010210003300323000000,FLORAL
LARGE,Y2,00230003203000000000004000044040000000444440400203020442340000,FLORAL
LARGE,Y2,111100100400000000000000040400103000000030330300000,FLORAL
LARGE,Y2,000000000000044444414110200001122300000,FLORAL
LARGE,Y2,00010300040404440100044044444404410401441043030000000,FLORAL
LARGE,Y2,111100100400000000000000040400103000000030330300000,FLORAL
LARGE,Y2,003333000320004004404044403444440000033000000000,FLORAL
LARGE,Y2,00000004004040040000,FLORAL
LARGE,Y2,111100100400000000000000040400103000000030330300000,MEDIUM
LARGE,Y2,00010300040404440100044044444404410401441043030000000,MEDIUM
LARGE,Y2,0000004004040000000000000010210003300323000000,LARGE
LARGE,Y2,111100100400000000000000040400103000000030330300000,FLORAL
LARGE,Y2,111100100400000000000000040400103000000030330300000,FLORAL
LARGE,Y2,111100100400000000000000040400103000000030330300000,LARGE
LARGE,Y2,100001030100000404004043001100300040000000231003040410000,FLORAL
LARGE,Y2,100001030100000404004043001100300040000000231003040410000,FLORAL
LARGE,Y2,000300444444440400400400134114220000000,FLORAL
LARGE,Y2,00010300040404440100044044444404410401441043030000000,FLORAL
LARGE,Y2,00230003203000000000004000044040000000444440400203020442340000,FLORAL
LARGE,Y2,000300444444440400400400134114220000000,MEDIUM
LARGE,Y2,00010300040404440100044044444404410401441043030000000,MEDIUM
LARGE,Y2,00010300040404440100044044444404410401441043030000000,LARGE
LARGE,Y2,000300444444440400400400134114220000000,LARGE
LARGE,Y2,000000000000044444414110200001122300000,LARGE
LARGE,Y2,000300444444440400400400134114220000000,FLORAL
LARGE,Y2,000000000000044444414110200001122300000,MEDIUM
LARGE,Y2,00000004004040040000,FLORAL
LARGE,Y2,000300444444440400400400134114220000000,MEDIUM
LARGE,Y2,000000000000044444414110200001122300000,MEDIUM
LARGE,Y2,100001030100000404004043001100300040000000231003040410000,FLORAL
LARGE,Y2,00010300040404440100044044444404410401441043030000000,MEDIUM
LARGE,Y2,0000004004040000000000000010210003300323000000,FLORAL
LARGE,Y2,00010300040404440100044044444404410401441043030000000,LARGE
LARGE,Y2,003333000320004004404044403444440000033000000000,MEDIUM
LARGE,Y2,00230003203000000000004000044040000000444440400203020442340000,LARGE
LARGE,Y2,00000004004040040000,FLORAL
LARGE,Y2,111100100400000000000000040400103000000030330300000,FLORAL
LARGE,Y2,00000004004040040000,FLORAL
LARGE,Y2,00000004004040040000,LARGE
LARGE,Y2,003333000320004004404044403444440000033000000000,FLORAL
LARGE,Y2,00000004004040040000,FLORAL
LARGE,Y2,111100100400000000000000040400103000000030330300000,FLORAL
LARGE,Y2,000000000000044444414110200001122300000,LARGE
LARGE,Y2,100001030100000404004043001100300040000000231003040410000,MEDIUM
LARGE,Y2,000300444444440400400400134114220000000,FLORAL
LARGE,Y2,000300444444440400400400134114220000000,MEDIUM
LARGE,Y2,000300444444440400400400134114220000000,MEDIUM
LARGE,Y2,00000004004040040000,FLORAL
LARGE,Y2,00010300040404440100044044444404410401441043030000000,FLORAL
LARGE,Y2,000300444444440400400400134114220000000,LARGE
LARGE,Y2,000300444444440400400400134114220000000,FLORAL
LARGE,Y2,111100100400000000000000040400103000000030330300000,MEDIUM
LARGE,Y2,00000004004040040000,FLORAL
LARGE,Y2,003333000320004004404044403444440000033000000000,FLORAL
LARGE,Y2,00010300040404440100044044444404410401441043030000000,MEDIUM
LARGE,Y2,00000004004040040000,LARGE
LARGE,Y2,000300444444440400400400134114220000000,FLORAL
LARGE,Y2,003333000320004004404044403444440000033000000000,LARGE
LARGE,Y2,003333000320004004404044403444440000033000000000,FLORAL
LARGE,Y2,000300444444440400400400134114220000000,MEDIUM
LARGE,Y2,00230003203000000000004000044040000000444440400203020442340000,FLORAL
LARGE,Y2,003333000320004004404044403444440000033000000000,FLORAL
LARGE,Y2,0000004004040000000000000010210003300323000000,FLORAL
LARGE,Y2,000300444444440400400400134114220000000,FLORAL
LARGE,Y2,00010300040404440100044044444404410401441043030000000,MEDIUM
LARGE,Y2,00230003203000000000004000044040000000444440400203020442340000,FLORAL
LARGE,Y2,000300444444440400400400134114220000000,FLORAL
LARGE,Y2,111100100400000000000000040400103000000030330300000,MEDIUM
LARGE,Y2,100001030100000404004043001100300040000000231003040410000,FLORAL
LARGE,Y2,003333000320004004404044403444440000033000000000,LARGE
LARGE,Y2,00010300040404440100044044444404410401441043030000000,MEDIUM
LARGE,Y2,00230003203000000000004000044040000000444440400203020442340000,MEDIUM
LARGE,Y2,0000004004040000000000000010210003300323000000,FLORAL
LARGE,Y2,000000000000044444414110200001122300000,LARGE
LARGE,Y2,0000004004040000000000000010210003300323000000,MEDIUM
LARGE,Y2,00010300040404440100044044444404410401441043030000000,FLORAL
LARGE,Y2,003333000320004004404044403444440000033000000000,LARGE
LARGE,Y2,00230003203000000000004000044040000000444440400203020442340000,LARGE
LARGE,Y2,00230003203000000000004000044040000000444440400203020442340000,FLORAL
LARGE,Y2,0000004004040000000000000010210003300323000000,MEDIUM
LARGE,Y2,111100100400000000000000040400103000000030330300000,MEDIUM
LARGE,Y3,00000330000000,FLORAL
LARGE,Y3,00004304400,FLORAL
LARGE,Y3,0000000333303300,LARGE
LARGE,Y3,0000033030000,LARGE
LARGE,Y3,000000040344440400400,FLORAL
LARGE,Y3,000330343330000000000000,LARGE
LARGE,Y3,00333032030,LARGE
LARGE,Y3,00000003000344404404400020,LARGE
LARGE,Y3,000003340404044000,LARGE
LARGE,Y3,00003030,FLORAL
LARGE,Y3,00003404444440000000,FLORAL
LARGE,Y3,00000030333303330000,LARGE
LARGE,Y3,003003000043200040010002402040400424200410000,FLORAL
LARGE,Y3,033100340000033331320404004444004000000,MEDIUM
LARGE,Y3,000340440400000000000000,MEDIUM
LARGE,Y3,00000000330000040434004314400000043033023000000,FLORAL
LARGE,Y3,0000000033003333000000000001031144043043000004040404403004000,FLORAL
LARGE,Y3,000000000000000000000030000000000000,LARGE
LARGE,Y3,00000000000003002230000003000,LARGE
LARGE,Y3,00003300033033030000000,LARGE
LARGE,Y3,0003032340000000000000,MEDIUM
LARGE,Y3,00000000003040323000,LARGE
LARGE,Y3,00000003033003333303000,FLORAL
LARGE,Y3,000000333303003334043000,LARGE
LARGE,Y3,0000000000034000003000100,FLORAL
LARGE,Y3,003303000010000040002043004404200000410000,LARGE
LARGE,Y3,0000333033303030344040004300000000,FLORAL
LARGE,Y3,0000000000033330300003343320,FLORAL
LARGE,Y3,0003343000000003033303003000000000300,LARGE
LARGE,Y3,0003003230300030000,FLORAL
LARGE,Y3,000003030033333023020,FLORAL
LARGE,Y3,000000000000334000004434444000,FLORAL
LARGE,Y3,04004400404040403030000000,LARGE
LARGE,Y3,00000000000000330000033003423313003323200403444000,LARGE
LARGE,Y3,0000000030300040000000000000,FLORAL
LARGE,Y3,003033030003300000,LARGE
LARGE,Y3,00000000003004024444000000000,LARGE
LARGE,Y3,000303433403400044440440,FLORAL
LARGE,Y3,00000303300030444000400000,LARGE
LARGE,Y3,033004004000,FLORAL
LARGE,Y3,000003000020300000000030020,LARGE
LARGE,Y3,000333330300203043404040004000000,FLORAL
LARGE,Y3,000000033000000000,FLORAL
LARGE,Y3,040000400,MEDIUM
LARGE,Y3,000000,FLORAL
LARGE,Y3,0003430440000444010131102404220030300030000040044440400000,LARGE
LARGE,Y3,0000003440440444444444044444300030303000,LARGE
LARGE,Y3,00000003030000000,LARGE
LARGE,Y3,00030330444034000000,LARGE
LARGE,Y3,00000000444400000000000,FLORAL
LARGE,Y3,0000000000003044440444400,LARGE
LARGE,Y3,00000000020330,FLORAL
LARGE,Y3,0000333004430404400000,LARGE
LARGE,Y3,003333030304430444000,LARGE
LARGE,Y3,0000030033003323202000,FLORAL
LARGE,Y3,0033004044404044000000,FLORAL
LARGE,Y3,0003004440004000,FLORAL
LARGE,Y3,000000002333003300330344444440040,LARGE
LARGE,Y3,00000030010002014000003314021400400400010000000044043440000000,MEDIUM
LARGE,Y3,00000300040344404030000,FLORAL
LARGE,Y3,0000003440404000032404434003000,FLORAL
LARGE,Y3,003300003304000333330302230,MEDIUM
LARGE,Y3,0000000334030,LARGE
LARGE,Y3,000003000400400034004040404011244004040030000,FLORAL
LARGE,Y3,03300440000000040,FLORAL
LARGE,Y3,000040030333300330040400000004003100101022140002404044444444020,LARGE
LARGE,Y3,00033030433333303444000,FLORAL
LARGE,Y3,0000003004043040000000000,FLORAL
LARGE,Y3,00000303023,LARGE
LARGE,Y3,00000000330003300323300000000,LARGE
LARGE,Y3,000000040434440,FLORAL
LARGE,Y3,00000033000330333323023300000000000,LARGE
LARGE,Y3,000000300033323004043000404442000,LARGE
LARGE,Y3,000000030330333030232330000,MEDIUM
LARGE,Y3,0000003043230,FLORAL
LARGE,Y3,00000333003230002000000,MEDIUM
LARGE,Y3,000000333403300330003000000,SMALL
LARGE,Y3,000000003300000000300303344404400000000,FLORAL
LARGE,Y3,000000003000332303303333000000,LARGE
LARGE,Y3,0000000303330000000000000030,LARGE
LARGE,Y3,003223300000,MEDIUM
LARGE,Y3,0000000300404400440443304000,FLORAL
LARGE,Y3,00000003340000003,FLORAL
LARGE,Y3,00000333033330200003,FLORAL
LARGE,Y3,000000000044300,FLORAL
LARGE,Y3,0034000400401111030000030300,FLORAL
LARGE,Y3,000404404000030300,LARGE
LARGE,Y3,000030330000030000000,FLORAL
LARGE,Y3,00333000030000003000000000,LARGE
LARGE,Y3,0000034444000044400,FLORAL
LARGE,Y3,0000000000000000,LARGE
LARGE,Y3,00303330000303300,FLORAL
LARGE,Y3,00000000003040430000000000,FLORAL
LARGE,Y3,000003333010400020430130140024302003000400,FLORAL
LARGE,Y3,040440400404000000000000000003000020,LARGE
LARGE,Y3,00000000000004040044000000,MEDIUM
LARGE,Y3,00000003003003000,FLORAL
LARGE,Y3,00000033333333034404004400,FLORAL
LARGE,Y3,00000000000333004004444443030000,FLORAL
LARGE,Y3,000044440044400400444040300,FLORAL
LARGE,Y4,00004033033333303333220033330323000,LARGE
LARGE,Y4,000333030330000000000,LARGE
LARGE,Y4,0000003330344444000000000,FLORAL
LARGE,Y4,00000304003030333000,FLORAL
LARGE,Y4,00343030300,FLORAL
LARGE,Y4,003333333000000000003,FLORAL
LARGE,Y4,0033000033040400000000,FLORAL
LARGE,Y4,00003333033023030033303000000,FLORAL
LARGE,Y4,000033333000300300000,FLORAL
LARGE,Y4,000000033333043303000,LARGE
LARGE,Y4,0033033300,FLORAL
LARGE,Y4,00303300333303330,FLORAL
LARGE,Y4,0003330033300030000000,FLORAL
LARGE,Y4,000000303343000000300300032000,FLORAL
LARGE,Y4,00000000003333030000000,MEDIUM
LARGE,Y4,00000033300000330330000000000,FLORAL
LARGE,Y4,00000230000000,FLORAL
LARGE,Y4,0000000033033043330,FLORAL
LARGE,Y4,00000000333300300000,FLORAL
LARGE,Y4,0000030033333000003,LARGE
LARGE,Y4,000000004300300330003003303440000,FLORAL
LARGE,Y4,0000000000000300000000,LARGE
LARGE,Y4,0000303344004040300,LARGE
LARGE,Y4,0000330030000000,MEDIUM
LARGE,Y4,0000300000000,LARGE
LARGE,Y4,000000000000000000000,FLORAL
LARGE,Y4,00000300330333000,FLORAL
LARGE,Y4,000003033000000000300,MEDIUM
LARGE,Y4,00000000000000033234342000000,MEDIUM
LARGE,Y4,000030440440000000000000000,FLORAL
LARGE,Y4,0000000300000,FLORAL
LARGE,Y4,0000033333303330030000000000000,FLORAL
LARGE,Y4,0330000000000,LARGE
LARGE,Y4,0000000003033003300,LARGE
LARGE,Y4,000000000,FLORAL
LARGE,Y4,030330000033332340300,FLORAL
LARGE,Y4,00033332040000000,FLORAL
LARGE,Y4,0000003033033442300000000,LARGE
LARGE,Y4,00033300,FLORAL
LARGE,Y4,00000300033333330330303,FLORAL
LARGE,Y4,000300333330030430044440030,FLORAL
LARGE,Y4,00000333033330033323030000000000,LARGE
LARGE,Y4,0000000030,LARGE
LARGE,Y4,00000003034030000323333313300000400003,MEDIUM
LARGE,Y4,00330003000,FLORAL
LARGE,Y4,0000000000,FLORAL
LARGE,Y4,033000,FLORAL
LARGE,Y4,00000300440404424400000,FLORAL
LARGE,Y4,00030000330,FLORAL
LARGE,Y4,000003333300000000,FLORAL
LARGE,Y4,0030343230033200,LARGE
LARGE,Y4,00033300,FLORAL
LARGE,Y4,00000330033033300000333030330203330000000,FLORAL
LARGE,Y4,00000033303000000,FLORAL
LARGE,Y4,033033030000000000,FLORAL
LARGE,Y4,0000003000303003330030000000000,FLORAL
LARGE,Y4,000000330300,FLORAL
LARGE,Y4,00003303330340040000000030000,FLORAL
LARGE,Y4,0000000003303003033433000334000003000000000000,LARGE
LARGE,Y4,0000033333034330004004000000,FLORAL
LARGE,Y4,0000040430000000,LARGE
LARGE,Y4,000033333000304000000,FLORAL
LARGE,Y4,00000030330403200000000002,FLORAL
LARGE,Y4,0000000333303000,MEDIUM
LARGE,Y4,033333000000030000,MEDIUM
LARGE,Y4,03030030020000000000000,FLORAL
LARGE,Y4,0033003300333303043300213330233340243300,FLORAL
LARGE,Y4,00000003333003000000000000000300,FLORAL
LARGE,Y4,00000033003333333333033240034040400,FLORAL
LARGE,Y4,00000000303033303300003030330000,LARGE
LARGE,Y4,00333003333333000000,FLORAL
LARGE,Y4,00003333030330300333000300,FLORAL
LARGE,Y4,003000033330003003330000,FLORAL
LARGE,Y4,0000330444444440000003000,FLORAL
LARGE,Y4,0000030330300,FLORAL
LARGE,Y4,00000033333300000000,FLORAL
LARGE,Y4,00000033030300333003000,FLORAL
LARGE,Y4,00000003033300333033333300000,FLORAL
LARGE,Y4,000000333303300300000,FLORAL
LARGE,Y4,0003030333333000030000000,FLORAL
LARGE,Y4,00000003444000,LARGE
LARGE,Y4,0000003303333000444444000000,LARGE
LARGE,Y4,0000403003030330000,FLORAL
LARGE,Y4,00000003300333330330300400,FLORAL
LARGE,Y4,0000000000003300000000000,FLORAL
LARGE,Y4,0033403000,FLORAL
LARGE,Y4,0000000300000,FLORAL
LARGE,Y4,0000003000000,FLORAL
LARGE,Y4,00330333034334001020000000000,FLORAL
LARGE,Y4,00000000000003300330000000,FLORAL
LARGE,Y4,000033030000333443430000000,FLORAL
LARGE,Y4,00000000303003330330003300000,LARGE
LARGE,Y4,00000030304033003000300000000,MEDIUM
LARGE,Y4,000000300000000,FLORAL
LARGE,Y4,000000000002022303300003,FLORAL
LARGE,Y4,003333300003230,FLORAL
LARGE,Y4,0000000333030003002,FLORAL
LARGE,Y4,00300003000000,MEDIUM
LARGE,Y4,00000333333330034234243042000000,FLORAL
LARGE,Y4,000033030300330240300000,FLORAL
LARGE,Y5,0000000030303304404034040000000,FLORAL
LARGE,Y5,0000000000403400420000,FLORAL
LARGE,Y5,00000004044000000,FLORAL
LARGE,Y5,000000333030034404400000,FLORAL
LARGE,Y5,000000000,FLORAL
LARGE,Y5,0000000000400400,FLORAL
LARGE,Y5,0000000000040000000000,FLORAL
LARGE,Y5,00000000443040000,FLORAL
LARGE,Y5,000003004040444000000,FLORAL
LARGE,Y5,00000000044000000000000,FLORAL
LARGE,Y5,0000000003004404004000,FLORAL
LARGE,Y5,000003003300000304400,FLORAL
LARGE,Y5,00000000004440043030000,FLORAL
LARGE,Y5,00000000044340440000000,FLORAL
LARGE,Y5,0000030333330344444403040000,MEDIUM
LARGE,Y5,000000000004044400000,FLORAL
LARGE,Y5,00000034040444400000000000,FLORAL
LARGE,Y5,0000003404444440300,FLORAL
LARGE,Y5,00000000000333000440443000,LARGE
LARGE,Y5,000000000000044404400400000000,FLORAL
LARGE,Y5,00000033444440040000,FLORAL
LARGE,Y5,00000000000,FLORAL
LARGE,Y5,0000000003040004000,FLORAL
LARGE,Y5,000000000303300,FLORAL
LARGE,Y5,000000000400444044000,FLORAL
LARGE,Y5,0000000004344400,FLORAL
LARGE,Y5,00000000044304440400,FLORAL
LARGE,Y5,0000344000000002000,LARGE
LARGE,Y5,0000000440434000000000000000,LARGE
LARGE,Y5,00000004444440040440000,FLORAL
LARGE,Y5,00000030444444000,FLORAL
LARGE,Y5,00000440300,FLORAL
LARGE,Y5,000003044044400000,FLORAL
LARGE,Y5,000000400400000,FLORAL
LARGE,Y5,000004434443300000,FLORAL
LARGE,Y5,000000000444440400000,FLORAL
LARGE,Y5,00000000044444000000000,FLORAL
LARGE,Y5,000000000000344440000400000,FLORAL
LARGE,Y5,0000000000,FLORAL
LARGE,Y5,0000044404400000020,MEDIUM
LARGE,Y5,0000000004040404003000,LARGE
LARGE,Y5,0000000000043440440000,FLORAL
LARGE,Y5,00000000044443000000,FLORAL
LARGE,Y5,00000043004444440400000,FLORAL
LARGE,Y5,0000000003334344000000,FLORAL
LARGE,Y5,00000000304443444400000000200,FLORAL
LARGE,Y5,0003000,FLORAL
LARGE,Y5,000000000334004404400000,FLORAL
LARGE,Y5,00000000444240400000000,LARGE
LARGE,Y5,0000003303303333330300400040000000000,FLORAL
LARGE,Y5,00000004444340000,FLORAL
LARGE,Y5,0000030004000000,FLORAL
LARGE,Y5,000000000300440044444400400,FLORAL
LARGE,Y5,000003000340400000,FLORAL
LARGE,Y5,000000304440000000,FLORAL
LARGE,Y5,00000000302444440000,FLORAL
LARGE,Y5,000000000044440000000,FLORAL
LARGE,Y5,00000043044044000003,FLORAL
LARGE,Y5,000004400,LARGE
LARGE,Y5,0000004344004400000,FLORAL
LARGE,Y5,000000000044030040400000,FLORAL
LARGE,Y5,00000440000000000000,FLORAL
LARGE,Y5,000000000033404000000000000,FLORAL
LARGE,Y5,00000003444400000000,FLORAL
LARGE,Y5,0000000343023342300000,FLORAL
LARGE,Y5,00000000004404440044000,FLORAL
LARGE,Y5,000000444444400000,FLORAL
LARGE,Y5,00000000400044400,FLORAL
LARGE,Y5,00000030033203203233000030333330300,FLORAL
LARGE,Y5,000000433444440400,LARGE
LARGE,Y5,000000033044440444300,FLORAL
LARGE,Y5,0000000030404400000,LARGE
LARGE,Y5,00000030003,FLORAL
LARGE,Y5,0004404444400,FLORAL
LARGE,Y5,00000000000004000000,FLORAL
LARGE,Y5,00000003434444000,FLORAL
LARGE,Y5,000000004440044400000000,FLORAL
LARGE,Y5,000000040440000,FLORAL
LARGE,Y5,000000003303030330034000440000000,FLORAL
LARGE,Y5,000030,FLORAL
LARGE,Y5,000000000444000000,FLORAL
LARGE,Y5,0000000044004000440000000,FLORAL
LARGE,Y5,000000004444044300,FLORAL
LARGE,Y5,000044040000000,FLORAL
LARGE,Y5,000000000004344000,FLORAL
LARGE,Y5,0003004304444000000,LARGE
LARGE,Y5,000000003330333304404300000000,FLORAL
LARGE,Y5,00000003034000032000000,MEDIUM
LARGE,Y5,0000000304404043000000,FLORAL
LARGE,Y5,000000000000000000,LARGE
LARGE,Y5,00000003444404404430,FLORAL
LARGE,Y5,00000000440440443400,FLORAL
LARGE,Y5,000000004040044400003,FLORAL
LARGE,Y5,0000004440440000,LARGE
LARGE,Y5,000000004404034400400,FLORAL
LARGE,Y5,0000000430030000,FLORAL
LARGE,Y5,00000000000,FLORAL
LARGE,Y5,000030000333033000000430040000000,FLORAL
LARGE,Y5,00000000,FLORAL
LARGE,Y5,0000000000444444000,FLORAL
MEDIUM,Y1,000000,FLORAL
MEDIUM,Y1,0000000,FLORAL
MEDIUM,Y1,000030,FLORAL
MEDIUM,Y1,000033303000,FLORAL
MEDIUM,Y1,00000000,FLORAL
MEDIUM,Y1,0000000000300,FLORAL
MEDIUM,Y1,00000000,FLORAL
MEDIUM,Y1,000000300,FLORAL
MEDIUM,Y1,000000000000000,FLORAL
MEDIUM,Y1,000000000,FLORAL
MEDIUM,Y1,0000000330000444440000,FLORAL
MEDIUM,Y1,00030440,FLORAL
MEDIUM,Y1,000000000033030,FLORAL
MEDIUM,Y1,00000030330,FLORAL
MEDIUM,Y1,00033000,FLORAL
MEDIUM,Y1,0000000000,FLORAL
MEDIUM,Y1,00000000,FLORAL
MEDIUM,Y1,000000300000,FLORAL
MEDIUM,Y1,0000000003330000,FLORAL
MEDIUM,Y1,000000333303243,FLORAL
MEDIUM,Y1,000000,FLORAL
MEDIUM,Y1,400003,FLORAL
MEDIUM,Y1,000000044000,FLORAL
MEDIUM,Y1,0000000,FLORAL
MEDIUM,Y1,0000000,FLORAL
MEDIUM,Y1,00030000,FLORAL
MEDIUM,Y1,0000003300,FLORAL
MEDIUM,Y1,00033044400030,FLORAL
MEDIUM,Y1,003000,FLORAL
MEDIUM,Y1,000000000000200243,FLORAL
MEDIUM,Y1,0004000000,FLORAL
MEDIUM,Y1,0000003330000,FLORAL
MEDIUM,Y1,00000000333300000,FLORAL
MEDIUM,Y1,00003340033,FLORAL
MEDIUM,Y1,00000330303,FLORAL
MEDIUM,Y1,0000300,FLORAL
MEDIUM,Y1,000330000,FLORAL
MEDIUM,Y1,000000330000,FLORAL
MEDIUM,Y1,000000,FLORAL
MEDIUM,Y1,00003000,FLORAL
MEDIUM,Y1,0000000,FLORAL
MEDIUM,Y1,000300,FLORAL
MEDIUM,Y1,0000000000,FLORAL
MEDIUM,Y1,00000044400000,FLORAL
MEDIUM,Y1,000000030004000,FLORAL
MEDIUM,Y1,000000033033223,FLORAL
MEDIUM,Y1,0000000004404400,FLORAL
MEDIUM,Y1,000000000,FLORAL
MEDIUM,Y1,0000003333340,FLORAL
MEDIUM,Y1,000030100,FLORAL
MEDIUM,Y1,000304333000003,FLORAL
MEDIUM,Y1,00003000,FLORAL
MEDIUM,Y1,0000000000,FLORAL
MEDIUM,Y1,00000033333300430030,FLORAL
MEDIUM,Y1,0000000,FLORAL
MEDIUM,Y1,000000000000,FLORAL
MEDIUM,Y1,00000000,FLORAL
MEDIUM,Y1,00000000,FLORAL
MEDIUM,Y1,0000400000,FLORAL
MEDIUM,Y1,0000000033330,FLORAL
MEDIUM,Y1,0000000,FLORAL
MEDIUM,Y1,0033333000,FLORAL
MEDIUM,Y1,003300,FLORAL
MEDIUM,Y1,0003300,FLORAL
MEDIUM,Y1,000003330,FLORAL
MEDIUM,Y1,00000003330033303000,FLORAL
MEDIUM,Y1,0000404400,FLORAL
MEDIUM,Y1,00000032300,FLORAL
MEDIUM,Y1,0000034444400,FLORAL
MEDIUM,Y1,000000,FLORAL
MEDIUM,Y1,000000034330,FLORAL
MEDIUM,Y1,00300,FLORAL
MEDIUM,Y1,000000000000003,FLORAL
MEDIUM,Y1,00000000,FLORAL
MEDIUM,Y1,000000000,FLORAL
MEDIUM,Y1,00000300300,FLORAL
MEDIUM,Y1,00000000,FLORAL
MEDIUM,Y1,00000440,FLORAL
MEDIUM,Y1,0000000,FLORAL
MEDIUM,Y1,000000030333340004000,FLORAL
MEDIUM,Y1,00000000030404000,FLORAL
MEDIUM,Y1,00000,FLORAL
MEDIUM,Y1,000000003000,FLORAL
MEDIUM,Y1,00000000,FLORAL
MEDIUM,Y1,00000,FLORAL
MEDIUM,Y1,00000000,FLORAL
MEDIUM,Y1,00030,FLORAL
MEDIUM,Y1,000000000000,FLORAL
MEDIUM,Y1,000003000000,FLORAL
MEDIUM,Y1,00000000003044440000000,FLORAL
MEDIUM,Y1,00003334032,FLORAL
MEDIUM,Y1,4000444040344400,FLORAL
MEDIUM,Y1,00300,FLORAL
MEDIUM,Y1,00000043300333303,FLORAL
MEDIUM,Y1,00000000334444444443,FLORAL
MEDIUM,Y1,000000000300,FLORAL
MEDIUM,Y1,000044400,FLORAL
MEDIUM,Y1,000000000000440200000,FLORAL
MEDIUM,Y1,00000000300,FLORAL
MEDIUM,Y1,000043003404440444444440000,FLORAL
MEDIUM,Y2,00000000,FLORAL
MEDIUM,Y2,000000330330300,MEDIUM
MEDIUM,Y2,00000003,FLORAL
MEDIUM,Y2,000000,FLORAL
MEDIUM,Y2,00000000,MEDIUM
MEDIUM,Y2,000404444040,FLORAL
MEDIUM,Y2,0000000,FLORAL
MEDIUM,Y2,00000000030000,FLORAL
MEDIUM,Y2,000030034324,MEDIUM
MEDIUM,Y2,0000000,FLORAL
MEDIUM,Y2,000000000,MEDIUM
MEDIUM,Y2,00000003300330,FLORAL
MEDIUM,Y2,00000,FLORAL
MEDIUM,Y2,000330440000,FLORAL
MEDIUM,Y2,000003000,FLORAL
MEDIUM,Y2,00000303333000,FLORAL
MEDIUM,Y2,00000000034033,FLORAL
MEDIUM,Y2,0000,MEDIUM
MEDIUM,Y2,0000044444300000,FLORAL
MEDIUM,Y2,00000344040000,MEDIUM
MEDIUM,Y2,0030,FLORAL
MEDIUM,Y2,00000300,MEDIUM
MEDIUM,Y2,000000003000000,FLORAL
MEDIUM,Y2,0000000000000400,FLORAL
MEDIUM,Y2,000000400,FLORAL
MEDIUM,Y2,0000300,MEDIUM
MEDIUM,Y2,0000000300,FLORAL
MEDIUM,Y2,000404400,FLORAL
MEDIUM,Y2,00000000303330,FLORAL
MEDIUM,Y2,00404300000,FLORAL
MEDIUM,Y2,0003333020040,FLORAL
MEDIUM,Y2,0000300,FLORAL
MEDIUM,Y2,00000000001,MEDIUM
MEDIUM,Y2,0030000,FLORAL
MEDIUM,Y2,00000000030,FLORAL
MEDIUM,Y2,0000000033304300,FLORAL
MEDIUM,Y2,00000000444444400,MEDIUM
MEDIUM,Y2,000000004400,SMALL
MEDIUM,Y2,444000,SMALL
MEDIUM,Y2,000303334333300000,FLORAL
MEDIUM,Y2,0000000,LARGE
MEDIUM,Y2,0000003330,FLORAL
MEDIUM,Y2,00000000000,FLORAL
MEDIUM,Y2,000000,FLORAL
MEDIUM,Y2,000000030,FLORAL
MEDIUM,Y2,000300,LARGE
MEDIUM,Y2,0003333003334,FLORAL
MEDIUM,Y2,00000000,FLORAL
MEDIUM,Y2,00003030440,FLORAL
MEDIUM,Y2,0000003,FLORAL
MEDIUM,Y2,000033033004000,FLORAL
MEDIUM,Y2,0000000030030040,FLORAL
MEDIUM,Y2,00000000000,FLORAL
MEDIUM,Y2,000000033000000,FLORAL
MEDIUM,Y2,000030330040,FLORAL
MEDIUM,Y2,00000000330330,MEDIUM
MEDIUM,Y2,00000000000000,MEDIUM
MEDIUM,Y2,0000000000,FLORAL
MEDIUM,Y2,0043044000,MEDIUM
MEDIUM,Y2,00030440000,FLORAL
MEDIUM,Y2,00004444430,FLORAL
MEDIUM,Y2,000003440444404404000,FLORAL
MEDIUM,Y2,0000000000000,FLORAL
MEDIUM,Y2,0000000,MEDIUM
MEDIUM,Y2,0003304440040,FLORAL
MEDIUM,Y2,00000,FLORAL
MEDIUM,Y2,00000300003,MEDIUM
MEDIUM,Y2,000000030,FLORAL
MEDIUM,Y2,00000300030300000,FLORAL
MEDIUM,Y2,000000000,FLORAL
MEDIUM,Y2,000000044440300000,FLORAL
MEDIUM,Y2,000000300300233,FLORAL
MEDIUM,Y2,0000033030023,FLORAL
MEDIUM,Y2,00000300,MEDIUM
MEDIUM,Y2,044000000,FLORAL
MEDIUM,Y2,000000,FLORAL
MEDIUM,Y2,00000000,MEDIUM
MEDIUM,Y2,000044040000,FLORAL
MEDIUM,Y2,00000,MEDIUM
MEDIUM,Y2,0000404400,MEDIUM
MEDIUM,Y2,003040040400,FLORAL
MEDIUM,Y2,00000300,FLORAL
MEDIUM,Y2,000000404000,FLORAL
MEDIUM,Y2,00000000044400,MEDIUM
MEDIUM,Y2,000030,FLORAL
MEDIUM,Y2,0030000,FLORAL
MEDIUM,Y2,00003300,FLORAL
MEDIUM,Y2,000000,FLORAL
MEDIUM,Y2,00000030000,FLORAL
MEDIUM,Y2,00000000,FLORAL
MEDIUM,Y2,0030,SMALL
MEDIUM,Y2,000000033000300,MEDIUM
MEDIUM,Y2,00000000,FLORAL
MEDIUM,Y2,00000000000,FLORAL
MEDIUM,Y2,000023003,MEDIUM
MEDIUM,Y2,0000330030030000304030,FLORAL
MEDIUM,Y2,0000000030300,FLORAL
MEDIUM,Y2,00030330000,FLORAL
MEDIUM,Y2,0000000004040000,FLORAL
MEDIUM,Y2,000303303300000,FLORAL
MEDIUM,Y3,00000034044000,FLORAL
MEDIUM,Y3,0000033340000,FLORAL
MEDIUM,Y3,00000030,FLORAL
MEDIUM,Y3,00000,FLORAL
MEDIUM,Y3,00003000,FLORAL
MEDIUM,Y3,0000000333003044400400,FLORAL
MEDIUM,Y3,0000,MEDIUM
MEDIUM,Y3,00000000,FLORAL
MEDIUM,Y3,0000033300,FLORAL
MEDIUM,Y3,0030433,LARGE
MEDIUM,Y3,00000000,FLORAL
MEDIUM,Y3,00000000,MEDIUM
MEDIUM,Y3,0000000000,FLORAL
MEDIUM,Y3,00000003440,MEDIUM
MEDIUM,Y3,0000444000,FLORAL
MEDIUM,Y3,00034330120300,FLORAL
MEDIUM,Y3,000030333,FLORAL
MEDIUM,Y3,0000303300000,LARGE
MEDIUM,Y3,0000003440000,FLORAL
MEDIUM,Y3,0000000000,FLORAL
MEDIUM,Y3,000000033004400,FLORAL
MEDIUM,Y3,00000430030,FLORAL
MEDIUM,Y3,00000,FLORAL
MEDIUM,Y3,000400304444300300,FLORAL
MEDIUM,Y3,00000003000,FLORAL
MEDIUM,Y3,0000000003,FLORAL
MEDIUM,Y3,000300,FLORAL
MEDIUM,Y3,000000344000,LARGE
MEDIUM,Y3,000033343300,FLORAL
MEDIUM,Y3,000000000,MEDIUM
MEDIUM,Y3,00000300,FLORAL
MEDIUM,Y3,00003300300000,FLORAL
MEDIUM,Y3,0000300033000,LARGE
MEDIUM,Y3,0000033030,FLORAL
MEDIUM,Y3,000004044000,FLORAL
MEDIUM,Y3,00000000,FLORAL
MEDIUM,Y3,00000,FLORAL
MEDIUM,Y3,000000030330000,MEDIUM
MEDIUM,Y3,000303333032301,SMALL
MEDIUM,Y3,0000033334030,MEDIUM
MEDIUM,Y3,0000303204000,FLORAL
MEDIUM,Y3,000000000000,FLORAL
MEDIUM,Y3,0033033000,FLORAL
MEDIUM,Y3,000030340300,FLORAL
MEDIUM,Y3,0000300,FLORAL
MEDIUM,Y3,000000000,LARGE
MEDIUM,Y3,0000030000,LARGE
MEDIUM,Y3,000003330303004000,FLORAL
MEDIUM,Y3,000032330401000003,FLORAL
MEDIUM,Y3,000000000,FLORAL
MEDIUM,Y3,000000434000,FLORAL
MEDIUM,Y3,0000404033,FLORAL
MEDIUM,Y3,000000,FLORAL
MEDIUM,Y3,000300,LARGE
MEDIUM,Y3,000030040000,FLORAL
MEDIUM,Y3,000000000,LARGE
MEDIUM,Y3,00030,FLORAL
MEDIUM,Y3,00000,LARGE
MEDIUM,Y3,40400,FLORAL
MEDIUM,Y3,0000300,SMALL
MEDIUM,Y3,0000,MEDIUM
MEDIUM,Y3,00000,FLORAL
MEDIUM,Y3,0000000430400300,MEDIUM
MEDIUM,Y3,00000000,MEDIUM
MEDIUM,Y3,0000000034000,SMALL
MEDIUM,Y3,00000000,FLORAL
MEDIUM,Y3,0003334002304,FLORAL
MEDIUM,Y3,00030333,FLORAL
MEDIUM,Y3,000303333,MEDIUM
MEDIUM,Y3,0000000032033,FLORAL
MEDIUM,Y3,0000000000300400,FLORAL
MEDIUM,Y3,00004000,SMALL
MEDIUM,Y3,000000,FLORAL
MEDIUM,Y3,00000003030000,FLORAL
MEDIUM,Y3,00000000000,FLORAL
MEDIUM,Y3,00003003,MEDIUM
MEDIUM,Y3,0000,FLORAL
MEDIUM,Y3,0000000003003330300033334,FLORAL
MEDIUM,Y3,00030333333330304,FLORAL
MEDIUM,Y3,0030000,FLORAL
MEDIUM,Y3,00033300030,FLORAL
MEDIUM,Y3,00000000,LARGE
MEDIUM,Y3,0030,LARGE
MEDIUM,Y3,000000000,FLORAL
MEDIUM,Y3,00300000000,FLORAL
MEDIUM,Y3,00000300000,FLORAL
MEDIUM,Y3,00000033300400000,FLORAL
MEDIUM,Y3,00000304000,MEDIUM
MEDIUM,Y3,00030,FLORAL
MEDIUM,Y3,0000040,FLORAL
MEDIUM,Y3,0000,FLORAL
MEDIUM,Y3,0000030000,MEDIUM
MEDIUM,Y3,000000000,FLORAL
MEDIUM,Y3,00000,SMALL
MEDIUM,Y3,0004040,FLORAL
MEDIUM,Y3,000000300000,FLORAL
MEDIUM,Y3,00000000330434303000,FLORAL
MEDIUM,Y3,0003000,FLORAL
MEDIUM,Y3,00000000,FLORAL
MEDIUM,Y3,00000030,FLORAL
MEDIUM,Y4,00000003030000,FLORAL
MEDIUM,Y4,000000040,FLORAL
MEDIUM,Y4,0000000000,FLORAL
MEDIUM,Y4,0000000,FLORAL
MEDIUM,Y4,0000333000000,FLORAL
MEDIUM,Y4,0000000,FLORAL
MEDIUM,Y4,000003300000,MEDIUM
MEDIUM,Y4,00000,FLORAL
MEDIUM,Y4,00000003033000,FLORAL
MEDIUM,Y4,000000000000,FLORAL
MEDIUM,Y4,00003000,FLORAL
MEDIUM,Y4,000004400300,FLORAL
MEDIUM,Y4,0000300,FLORAL
MEDIUM,Y4,00003030,FLORAL
MEDIUM,Y4,00003000,FLORAL
MEDIUM,Y4,000000330003000,FLORAL
MEDIUM,Y4,000000000000,FLORAL
MEDIUM,Y4,000000000000000,MEDIUM
MEDIUM,Y4,0000033330,FLORAL
MEDIUM,Y4,000000000,FLORAL
MEDIUM,Y4,000003,FLORAL
MEDIUM,Y4,000030000340330,FLORAL
MEDIUM,Y4,0033400303300,FLORAL
MEDIUM,Y4,000003030,FLORAL
MEDIUM,Y4,000000,FLORAL
MEDIUM,Y4,00000300003000,FLORAL
MEDIUM,Y4,000000000,FLORAL
MEDIUM,Y4,00000302,FLORAL
MEDIUM,Y4,000000000,FLORAL
MEDIUM,Y4,00000030,FLORAL
MEDIUM,Y4,0000000,FLORAL
MEDIUM,Y4,000000033000,FLORAL
MEDIUM,Y4,000000000,FLORAL
MEDIUM,Y4,00000003300000000,FLORAL
MEDIUM,Y4,0001,FLORAL
MEDIUM,Y4,000000300000,FLORAL
MEDIUM,Y4,00000000404300,FLORAL
MEDIUM,Y4,00000300,FLORAL
MEDIUM,Y4,00000000000,FLORAL
MEDIUM,Y4,0004000,FLORAL
MEDIUM,Y4,000000,FLORAL
MEDIUM,Y4,000000000,FLORAL
MEDIUM,Y4,00000000000,FLORAL
MEDIUM,Y4,0000000,FLORAL
MEDIUM,Y4,000000,FLORAL
MEDIUM,Y4,000000004400000,FLORAL
MEDIUM,Y4,44400,FLORAL
MEDIUM,Y4,000000,FLORAL
MEDIUM,Y4,00000,FLORAL
MEDIUM,Y4,00000,FLORAL
MEDIUM,Y4,00033003,MEDIUM
MEDIUM,Y4,0000000000000,MEDIUM
MEDIUM,Y4,0000033300000,FLORAL
MEDIUM,Y4,000030,MEDIUM
MEDIUM,Y4,0000030,FLORAL
MEDIUM,Y4,00330000,FLORAL
MEDIUM,Y4,000330430000,FLORAL
MEDIUM,Y4,000000000,FLORAL
MEDIUM,Y4,000000320400000000,FLORAL
MEDIUM,Y4,0000303330000,FLORAL
MEDIUM,Y4,0000003300000,FLORAL
MEDIUM,Y4,000000,FLORAL
MEDIUM,Y4,0000300030000,FLORAL
MEDIUM,Y4,0000330000,FLORAL
MEDIUM,Y4,400000,FLORAL
MEDIUM,Y4,00000000,FLORAL
MEDIUM,Y4,0000033000,FLORAL
MEDIUM,Y4,000000000,FLORAL
MEDIUM,Y4,0000,FLORAL
MEDIUM,Y4,0003000,FLORAL
MEDIUM,Y4,000000300000,FLORAL
MEDIUM,Y4,00000,FLORAL
MEDIUM,Y4,000000000,FLORAL
MEDIUM,Y4,0000000330003000,FLORAL
MEDIUM,Y4,0000,FLORAL
MEDIUM,Y4,0000000000,FLORAL
MEDIUM,Y4,000040000,FLORAL
MEDIUM,Y4,0000000,FLORAL
MEDIUM,Y4,000000300030,FLORAL
MEDIUM,Y4,00000000,FLORAL
MEDIUM,Y4,00044000,FLORAL
MEDIUM,Y4,0000030000,MEDIUM
MEDIUM,Y4,000030333000,FLORAL
MEDIUM,Y4,0003030,FLORAL
MEDIUM,Y4,00000000,FLORAL
MEDIUM,Y4,00003030000,FLORAL
MEDIUM,Y4,00000030,FLORAL
MEDIUM,Y4,000000003,LARGE
MEDIUM,Y4,0000000000,FLORAL
MEDIUM,Y4,00030000000,FLORAL
MEDIUM,Y4,00300000400,FLORAL
MEDIUM,Y4,00000030000,FLORAL
MEDIUM,Y4,000000034232300,FLORAL
MEDIUM,Y4,0000340,FLORAL
MEDIUM,Y4,00000030,FLORAL
MEDIUM,Y4,000000033033000,FLORAL
MEDIUM,Y4,0000000000,LARGE
MEDIUM,Y4,000000000,FLORAL
MEDIUM,Y4,0003000,FLORAL
MEDIUM,Y4,00000003300034033000,FLORAL
MEDIUM,Y5,000040404000,FLORAL
MEDIUM,Y5,00003,FLORAL
MEDIUM,Y5,00000000,FLORAL
MEDIUM,Y5,0000000000000,FLORAL
MEDIUM,Y5,0000000,FLORAL
MEDIUM,Y5,000003,FLORAL
MEDIUM,Y5,0000030000,FLORAL
MEDIUM,Y5,000000030,FLORAL
MEDIUM,Y5,000000,SMALL
MEDIUM,Y5,0033033030000,FLORAL
MEDIUM,Y5,000000300,FLORAL
MEDIUM,Y5,000000300,FLORAL
MEDIUM,Y5,000000000,FLORAL
MEDIUM,Y5,0003304000,SMALL
MEDIUM,Y5,000000,FLORAL
MEDIUM,Y5,000000000,FLORAL
MEDIUM,Y5,00000000,FLORAL
MEDIUM,Y5,000000000,FLORAL
MEDIUM,Y5,0000000000,FLORAL
MEDIUM,Y5,0000000000,FLORAL
MEDIUM,Y5,00000000,FLORAL
MEDIUM,Y5,00000000,FLORAL
MEDIUM,Y5,0033300,FLORAL
MEDIUM,Y5,000000,FLORAL
MEDIUM,Y5,000303303300000,SMALL
MEDIUM,Y5,00000,FLORAL
MEDIUM,Y5,0003300,FLORAL
MEDIUM,Y5,000003000,FLORAL
MEDIUM,Y5,000000,FLORAL
MEDIUM,Y5,0004020,FLORAL
MEDIUM,Y5,0000,FLORAL
MEDIUM,Y5,00000000,FLORAL
MEDIUM,Y5,000000,SMALL
MEDIUM,Y5,0003334033344400,FLORAL
MEDIUM,Y5,0000000000,FLORAL
MEDIUM,Y5,00003200,FLORAL
MEDIUM,Y5,0000000,FLORAL
MEDIUM,Y5,000000000,FLORAL
MEDIUM,Y5,00000000,FLORAL
MEDIUM,Y5,0000400440300000,FLORAL
MEDIUM,Y5,00000030000000,FLORAL
MEDIUM,Y5,0003000,FLORAL
MEDIUM,Y5,00000030,MEDIUM
MEDIUM,Y5,000000330000,FLORAL
MEDIUM,Y5,0000040400,FLORAL
MEDIUM,Y5,00000,FLORAL
MEDIUM,Y5,00000000000,FLORAL
MEDIUM,Y5,000003030,FLORAL
MEDIUM,Y5,00000000,MEDIUM
MEDIUM,Y5,000000,FLORAL
MEDIUM,Y5,0000000000000,FLORAL
MEDIUM,Y5,00000000404400,SMALL
MEDIUM,Y5,0000003033044400000,FLORAL
MEDIUM,Y5,00000000,FLORAL
MEDIUM,Y5,000000,FLORAL
MEDIUM,Y5,00000003,FLORAL
MEDIUM,Y5,000000,FLORAL
MEDIUM,Y5,00000000444000,FLORAL
MEDIUM,Y5,00000300000,FLORAL
MEDIUM,Y5,004400,FLORAL
MEDIUM,Y5,0000440,FLORAL
MEDIUM,Y5,00000,FLORAL
MEDIUM,Y5,00000004300,FLORAL
MEDIUM,Y5,000033000,FLORAL
MEDIUM,Y5,0000000,FLORAL
MEDIUM,Y5,00000,FLORAL
MEDIUM,Y5,000000004004404000000,FLORAL
MEDIUM,Y5,0000000000,FLORAL
MEDIUM,Y5,000000,FLORAL
MEDIUM,Y5,0000002000,FLORAL
MEDIUM,Y5,00000300,FLORAL
MEDIUM,Y5,0034030000,SMALL
MEDIUM,Y5,00033404440000,FLORAL
MEDIUM,Y5,0000000,FLORAL
MEDIUM,Y5,000000000,FLORAL
MEDIUM,Y5,0300,FLORAL
MEDIUM,Y5,000000000,FLORAL
MEDIUM,Y5,0003330040000,FLORAL
MEDIUM,Y5,000000000,FLORAL
MEDIUM,Y5,000000303030333040044400,FLORAL
MEDIUM,Y5,000000030000000,FLORAL
MEDIUM,Y5,00003000,FLORAL
MEDIUM,Y5,00003044000,MEDIUM
MEDIUM,Y5,000000,FLORAL
MEDIUM,Y5,000040400000,FLORAL
MEDIUM,Y5,00000300,FLORAL
MEDIUM,Y5,0000040,FLORAL
MEDIUM,Y5,00000,FLORAL
MEDIUM,Y5,0000000000000,FLORAL
MEDIUM,Y5,0000000,FLORAL
MEDIUM,Y5,000000,SMALL
MEDIUM,Y5,0000000,FLORAL
MEDIUM,Y5,000000000,FLORAL
MEDIUM,Y5,000000000,FLORAL
MEDIUM,Y5,00030033000,FLORAL
MEDIUM,Y5,00044400000,FLORAL
MEDIUM,Y5,00000003434000,FLORAL
MEDIUM,Y5,000000,SMALL
MEDIUM,Y5,00000000,FLORAL
MEDIUM,Y5,000004000,FLORAL
